case,time,emitter_population,cavity_population,trace
lossless,0.0,1.0,0.0,1.0
lossless,0.01,0.9999000034364789,9.999666663890725e-05,1.0000000001031177
lossless,0.02,0.9996000546209937,0.00039994666969704227,1.0000000012906907
lossless,0.03,0.9991002726731188,0.0008997300341824087,1.0000000027073013
lossless,0.04,0.9984008571441598,0.0015991468540207281,1.0000000039981805
lossless,0.05,0.9975020878970303,0.0024979173725429623,1.0000000052695732
lossless,0.06,0.9964043245137828,0.003595682094506995,1.0000000066082897
lossless,0.07,0.9951080061447707,0.004892001929967174,1.0000000080747378
lossless,0.08,0.9936136513210286,0.00638635836981902,1.0000000096908477
lossless,0.09,0.9919218574761692,0.008078153690865217,1.0000000111670344
lossless,0.1,0.9900333012813999,0.009966711197408837,1.0000000124788087
lossless,0.11,0.9879487382531551,0.012051275492800927,1.000000013745956
lossless,0.12,0.9856690022809336,0.014331012780854833,1.0000000150617885
lossless,0.13,0.9831950052938679,0.01680501119927435,1.0000000164931422
lossless,0.14,0.9805277368961588,0.019472281184216265,1.000000018080375
lossless,0.15,0.9776682637562355,0.02233175586106084,1.0000000196172962
lossless,0.16,0.9746177294821184,0.025382291474807594,1.000000020956926
lossless,0.17,0.9713773543710669,0.028622667854250012,1.000000022225317
lossless,0.18,0.9679484346270422,0.03205158889515822,1.0000000235222004
lossless,0.19,0.964332341842367,0.03566768307846515,1.0000000249208323
lossless,0.2,0.9605305224494585,0.0394695040185314,1.0000000264679898
lossless,0.21,0.956544497020245,0.04345553103582867,1.0000000280560737
lossless,0.22,0.9523758596688157,0.04762416976216154,1.0000000294309772
lossless,0.23,0.9480262779051463,0.05197375280132821,1.0000000307064745
lossless,0.24,0.9434974916053847,0.05650254038333078,1.0000000319887155
lossless,0.25,0.9387913122982238,0.06120872105915121,1.000000033357375
lossless,0.26,0.9339096224200532,0.06609041242339588,1.000000034843449
lossless,0.27,0.9288543730856955,0.07114566175867394,1.0000000348443694
lossless,0.28,0.9236275877280168,0.07637244711729181,1.0000000348453086
lossless,0.29,0.9182313569892542,0.08176867785854057,1.0000000348477946
lossless,0.3,0.9126678392819106,0.08733219557205071,1.0000000348539613
lossless,0.31,0.9069392599562008,0.09306077490666097,1.0000000348628617
lossless,0.32,0.9010479103383894,0.09895212453248108,1.0000000348708704
lossless,0.33,0.8949961469183715,0.10500388795257033,1.000000034870942
lossless,0.34,0.8887863902887305,0.11121364458206069,1.0000000348707911
lossless,0.35000000000000003,0.882421124327012,0.11757891054366733,1.0000000348706795
lossless,0.36,0.8759028950243866,0.12409713984458096,1.0000000348689675
lossless,0.37,0.8692343095814221,0.13076572528442346,1.0000000348658455
lossless,0.38,0.8624180353456601,0.13758199951844763,1.0000000348641076
lossless,0.39,0.8554567987290926,0.14454323612678815,1.0000000348558808
lossless,0.4,0.8483533841346664,0.15164665070769676,1.0000000348423632
lossless,0.41000000000000003,0.8411106328447556,0.1588894019917613,1.000000034836517
lossless,0.42,0.8337314418461776,0.16626859297201027,1.0000000348181879
lossless,0.43,0.82621876270224,0.1737812720674435,1.0000000347696836
lossless,0.44,0.8185756003840752,0.18142443430588373,1.000000034689959
lossless,0.45,0.8108050120691382,0.18919502252646442,1.0000000345956026
lossless,0.46,0.8029101059268312,0.1970899286046068,1.000000034531438
lossless,0.47000000000000003,0.7948940398243671,0.20510599468509563,1.0000000345094628
lossless,0.48,0.7867600199952179,0.21324001442969423,1.0000000344249123
lossless,0.49,0.7785112999349363,0.22148873433705063,1.000000034271987
lossless,0.5,0.7701511790410231,0.22984885503310423,1.0000000340741273
lossless,0.51,0.761683001299918,0.23831703259342366,1.0000000338933417
lossless,0.52,0.753110153950458,0.24688987988201216,1.0000000338324702
lossless,0.53,0.7444360659153497,0.25556396784655216,1.000000033761902
lossless,0.54,0.7356642066465677,0.26433582694725694,1.0000000335938246
lossless,0.55,0.726798084784367,0.2732019485598517,1.0000000333442187
lossless,0.56,0.7178412467033861,0.2821587863666717,1.0000000330700578
lossless,0.5700000000000001,0.7087972751047451,0.29120275777999743,1.0000000328847425
lossless,0.58,0.6996697874971222,0.30033024534662855,1.0000000328437508
lossless,0.59,0.6904624345781957,0.30953759813184206,1.0000000327100378
lossless,0.6,0.6811788991574902,0.3188211333121055,1.0000000324695957
lossless,0.61,0.671822894554531,0.3281771376068489,1.00000003216138
lossless,0.62,0.6623981631120374,0.337601868765324,1.0000000318773614
lossless,0.63,0.652908474703899,0.34709155706743017,1.0000000317713291
lossless,0.64,0.6433576249764419,0.3566424067204748,1.0000000316969166
lossless,0.65,0.6337494340445781,0.3662505974668355,1.0000000315114135
lossless,0.66,0.6240877450693668,0.3759122861622878,1.0000000312316546
lossless,0.67,0.6143764226391137,0.38562360827986,1.0000000309189736
lossless,0.68,0.6046193512329261,0.39538067946247013,1.0000000306953962
lossless,0.6900000000000001,0.5948204336051902,0.4051795970441061,1.0000000306492964
lossless,0.7000000000000001,0.5849835890274198,0.4150164414961884,1.000000030523608
lossless,0.71,0.5751127520898397,0.4248872782002327,1.0000000302900725
lossless,0.72,0.5652118710187038,0.4347881589654217,1.0000000299841256
lossless,0.73,0.5552849060876677,0.44471512360526066,1.0000000296929283
lossless,0.74,0.5453358280408219,0.45466420152886805,1.00000002956969
lossless,0.75,0.5353686163103886,0.46463141319311757,1.000000029503506
lossless,0.76,0.5253872575507995,0.47461277177564803,1.0000000293264475
lossless,0.77,0.5153957441819649,0.4846042848704933,1.0000000290524582
lossless,0.78,0.505398072708822,0.49460195602996204,1.000000028738784
lossless,0.79,0.49539824213024714,0.5046017863717702,1.0000000285020174
lossless,0.8,0.48540025230227557,0.5145997761485214,1.0000000284507968
lossless,0.81,0.4754081021535579,0.5245919261804025,1.0000000283339605
lossless,0.8200000000000001,0.4654257883896307,0.534574239718593,1.0000000281082237
lossless,0.8300000000000001,0.4554573038204872,0.544542723985121,1.0000000278056083
lossless,0.84,0.44550663574851207,0.5544933917600876,1.0000000275085996
lossless,0.85,0.4355777643802522,0.5644222629866179,1.00000002736687
lossless,0.86,0.42567466109654095,0.5743253662125265,1.0000000273090675
lossless,0.87,0.4158012869150254,0.5841987402256641,1.0000000271406895
lossless,0.88,0.40596159106046903,0.5940384358124277,1.0000000268728968
lossless,0.89,0.3961595093048349,0.6038405172541345,1.0000000265589692
lossless,0.9,0.386398962398674,0.6136010639115305,1.0000000263102045
lossless,0.91,0.3766838544827193,0.6233161717688367,1.000000026251556
lossless,0.92,0.36701807136909065,0.6329819547744436,1.0000000261435342
lossless,0.93,0.35740547921841825,0.6425945467073642,1.0000000259257824
lossless,0.9400000000000001,0.34784992295218226,0.6521501026748229,1.0000000256270052
lossless,0.9500000000000001,0.3383552246962374,0.6616448006288785,1.000000025325116
lossless,0.96,0.32892518225689116,0.6710748429071034,1.0000000251639944
lossless,0.97,0.3195635675131258,0.6804364576007382,1.000000025113864
lossless,0.98,0.3102741249058892,0.6897259000483607,1.0000000249542498
lossless,0.99,0.30106057009269493,0.6989394546003109,1.0000000246930059
lossless,1.0,0.2919265883904191,0.7080734359891198,1.0000000243795388
lossless,1.01,0.28287583330497096,0.7171241908149789,1.0000000241199498
lossless,1.02,0.27391192506055445,0.7260880989911443,1.0000000240516989
lossless,1.03,0.265038449030217,0.7349615749222286,1.0000000239524456
lossless,1.04,0.2562589544626479,0.7437410692801922,1.0000000237428401
lossless,1.05,0.24757695304740865,0.7524230704009567,1.0000000234483652
lossless,1.06,0.2389959174907366,0.7610041056517334,1.00000002314247
lossless,1.07,0.23051928012973621,0.769480742833444,1.0000000229631802
lossless,1.08,0.2221504315070667,0.7778495914108967,1.0000000229179635
lossless,1.09,0.21389271898779694,0.7861073037793613,1.0000000227671584
lossless,1.1,0.20574944554874178,0.7942505769640205,1.0000000225127623
lossless,1.11,0.1977238684026238,0.802276153797782,1.000000022200406
lossless,1.12,0.18981919769672786,0.8101808242343767,1.0000000219311045
lossless,1.1300000000000001,0.18203859522542,0.8179614266257733,1.0000000218511933
lossless,1.1400000000000001,0.17438517308167598,0.8256148486789777,1.0000000217606537
lossless,1.1500000000000001,0.16686199251191122,0.8331380290474344,1.0000000215593456
lossless,1.16,0.1594720626936832,0.840527958575938,1.0000000212696212
lossless,1.17,0.15221833951411215,0.8477816814464557,1.000000020960568
lossless,1.18,0.1451037243894153,0.8548962963750588,1.0000000207644741
lossless,1.19,0.1381310630766238,0.861868957644745,1.0000000207213688
lossless,1.2,0.13130314450401231,0.8686968760753897,1.000000020579402
lossless,1.21,0.12462269974807895,0.8753773205840506,1.0000000203321295
lossless,1.22,0.11809240090493092,0.8819076191165717,1.0000000200215027
lossless,1.23,0.11171486002112259,0.8882851597224374,1.00000001974356
lossless,1.24,0.10549262804800708,0.8945073916020432,1.0000000196500503
lossless,1.25,0.09942819377152362,0.9005718257966328,1.0000000195681564
lossless,1.26,0.09352398286924221,0.9064760365060351,1.0000000193752774
lossless,1.27,0.08778235695009164,0.9122176621406325,1.0000000190907241
lossless,1.28,0.08220561259564521,0.9177944061836811,1.0000000187793263
lossless,1.29,0.07679598044231355,0.9232040381254337,1.0000000185677473
lossless,1.3,0.0715556242765909,0.9284443942474951,1.000000018524086
lossless,1.31,0.06648664014600685,0.9335133782449645,1.0000000183909714
lossless,1.32,0.0615910555759116,0.9384089625751636,1.0000000181510753
lossless,1.33,0.05687082873871592,0.9431291891040505,1.0000000178427664
lossless,1.34,0.052327847669340566,0.947672169887873,1.0000000175572135
lossless,1.35,0.04796392950986327,0.9520360879384178,1.000000017448281
lossless,1.36,0.0437808197590908,0.9562191976158628,1.0000000173749537
lossless,1.37,0.03978019159601042,0.9602198255946055,1.0000000171906158
lossless,1.3800000000000001,0.03596364522021387,0.964036371691415,1.0000000169116288
lossless,1.3900000000000001,0.03233270720291353,0.9676673093957511,1.0000000165986647
lossless,1.4000000000000001,0.02888882987644148,0.9711111864964336,1.000000016372875
lossless,1.41,0.025633390748977632,0.9743666255771444,1.000000016326122
lossless,1.42,0.02256769194192317,0.9774323242599346,1.0000000162018579
lossless,1.43,0.019692959693304143,0.9803070562762646,1.0000000159695688
lossless,1.44,0.01701034385927731,0.9829896718048585,1.0000000156641358
lossless,1.45,0.014520917452954765,0.98547909791901,1.0000000153719648
lossless,1.46,0.01222567621500132,0.9877743390308964,1.0000000152458977
lossless,1.47,0.010125538208328322,0.989874476972717,1.0000000151810453
lossless,1.48,0.008221343456669937,0.9917786715486735,1.0000000150053434
lossless,1.49,0.006513853613181529,0.9934861611191097,1.0000000147322912
lossless,1.5,0.005003751652040405,0.9949962627664639,1.0000000144185044
lossless,1.51,0.0036916415950727587,0.9963083725846625,1.0000000141797354
lossless,1.52,0.0025780482692638346,0.9974219658582196,1.0000000141274834
lossless,1.53,0.0016634170948061253,0.9983365969172477,1.000000014012054
lossless,1.54,0.0009481139118732274,0.9990518998757079,1.000000013787581
lossless,1.55,0.00043242483252985033,0.9995675886530226,1.0000000134855525
lossless,1.56,0.00011655612577491547,0.999883457061942,1.000000013187717
lossless,1.57,6.341348043444043e-07,0.9999993789081126,1.000000013042917
lossless,1.58,8.470522639331338e-05,0.9999153077809385,1.0000000130073319
lossless,1.59,0.00036873577310412404,0.9996312771467453,1.0000000129198494
lossless,1.6,0.0008526121664929542,0.9991474006568627,1.0000000128233557
lossless,1.61,0.0015361408623302938,0.9984638719322663,1.0000000127945965
lossless,1.62,0.0024190484584024584,0.9975809643079387,1.000000012766341
lossless,1.6300000000000001,0.0035009818037674096,0.9964990309097559,1.0000000127135233
lossless,1.6400000000000001,0.004781508139984366,0.9952185045294596,1.000000012669444
lossless,1.6500000000000001,0.006260115274055701,0.993739897390292,1.0000000126643478
lossless,1.6600000000000001,0.00793621178252869,0.99206380085802,1.0000000126405488
lossless,1.67,0.009809127248672375,0.9901908853539878,1.0000000126026602
lossless,1.68,0.011878112530340212,0.9881219000525265,1.0000000125828667
lossless,1.69,0.014142340060511972,0.985857672510098,1.00000001257061
lossless,1.7,0.01660090417853196,0.9833991083599434,1.0000000125384754
lossless,1.71,0.01925282149207471,0.9807471910110738,1.0000000125031485
lossless,1.72,0.02209703127084448,0.9779029812261757,1.00000001249702
lossless,1.73,0.025132395868008573,0.9748676166148968,1.0000000124829054
lossless,1.74,0.028357701177875585,0.9716423112747204,1.000000012452596
lossless,1.75,0.03177165712157246,0.968228355305471,1.0000000124270434
lossless,1.76,0.03537289816235506,0.9646271142559303,1.0000000124182853
lossless,1.77,0.03915998385105663,0.9608400285383107,1.0000000123893673
lossless,1.78,0.04313139940401762,0.956868612946333,1.0000000123503505
lossless,1.79,0.047285556308857245,0.9527144560258328,1.0000000123346902
lossless,1.8,0.05162079295757807,0.9483792193658312,1.0000000123234094
lossless,1.81,0.05613537531261322,0.9438646369818594,1.0000000122944726
lossless,1.82,0.06082749760202819,0.9391725146617947,1.0000000122638228
lossless,1.83,0.06569528304109352,0.9343047292192902,1.0000000122603838
lossless,1.84,0.07073678457920221,0.9292632276813204,1.0000000122605226
lossless,1.85,0.07594998568239707,0.9240500265763568,1.0000000122587538
lossless,1.86,0.08133280113934738,0.9186672111158813,1.0000000122552288
lossless,1.87,0.08688307789516524,0.9131169343557596,1.0000000122509247
lossless,1.8800000000000001,0.09259859591268542,0.9074014163353291,1.0000000122480146
lossless,1.8900000000000001,0.09847706906039717,0.9015229431864092,1.0000000122468065
lossless,1.9000000000000001,0.10451614602699122,0.895483866218159,1.0000000122451502
lossless,1.9100000000000001,0.11071341126237662,0.8892866009807885,1.0000000122431651
lossless,1.92,0.11706638594411199,0.8829336262970345,1.0000000122411465
lossless,1.93,0.12357252896938202,0.8764274832703406,1.0000000122397226
lossless,1.94,0.13022923797134767,0.8697707742686211,1.0000000122399688
lossless,1.95,0.13703385035208615,0.8629661618898227,1.0000000122419088
lossless,1.96,0.14398364435546215,0.8560163678899633,1.0000000122454253
lossless,1.97,0.15107584015592926,0.848924172094488,1.0000000122504173
lossless,1.98,0.1583076009690625,0.8416924112874805,1.000000012256543
lossless,1.99,0.16567603418641128,0.8343239780768061,1.0000000122632173
lossless,2.0,0.17317819253277167,0.8268218197368691,1.0000000122696409
lossless,2.0100000000000002,0.18081107524543322,0.8191889370294487,1.000000012274882
lossless,2.02,0.18857162927494636,0.8114283830030788,1.0000000122780253
lossless,2.0300000000000002,0.1964567505063124,0.8035432617720822,1.0000000122783947
lossless,2.04,0.20446328498718888,0.7955367272881995,1.0000000122753883
lossless,2.05,0.21258803020388736,0.7874119820639904,1.0000000122678778
lossless,2.06,0.22082773636457903,0.7791722758902583,1.0000000122548374
lossless,2.07,0.22917910769588645,0.7708209045398201,1.0000000122357067
lossless,2.08,0.23763880376195196,0.7623612084488175,1.0000000122107695
lossless,2.09,0.2462034408015607,0.7537965713800926,1.0000000121816532
lossless,2.1,0.25486959308281826,0.7451304190691466,1.0000000121519648
lossless,2.11,0.26363379427485273,0.7363662178532342,1.000000012128087
lossless,2.12,0.27249253883498614,0.7275074732847575,1.0000000121197437
lossless,2.13,0.281442283357016,0.7185577287614485,1.0000000121184645
lossless,2.14,0.29047944803675413,0.7095205640777233,1.0000000121144774
lossless,2.15,0.29960041812611105,0.7003995939802133,1.0000000121063244
lossless,2.16,0.3088015453577783,0.6911984667350647,1.000000012092843
lossless,2.17,0.3180791494054965,0.6819208626680741,1.0000000120735706
lossless,2.18,0.3274295193573759,0.6725704926919032,1.0000000120492791
lossless,2.19,0.3368489152016908,0.6631510968209752,1.000000012022666
lossless,2.2,0.34633356932459153,0.653666442674632,1.0000000119992236
lossless,2.21,0.3558796880189341,0.6441203239693121,1.0000000119882462
lossless,2.22,0.3654834529368038,0.6345165590470913,1.000000011983895
lossless,2.23,0.3751410226575866,0.6248589893163108,1.0000000119738974
lossless,2.24,0.38484853427880783,0.615151477677608,1.0000000119564159
lossless,2.25,0.39460210492448,0.6053979070057447,1.0000000119302248
lossless,2.2600000000000002,0.4043978332994746,0.5956021785957765,1.000000011895251
lossless,2.27,0.41423180125150655,0.5857682106017688,1.0000000118532753
lossless,2.2800000000000002,0.42410007534014044,0.5758999364686685,1.000000011808809
lossless,2.29,0.43399870841220345,0.5660013033579753,1.0000000117701786
lossless,2.3000000000000003,0.4439237411830116,0.556076270567827,1.0000000117508385
lossless,2.31,0.4538712037505778,0.5461288079963349,1.0000000117469128
lossless,2.32,0.4638371171967904,0.5361628945409819,1.0000000117377723
lossless,2.33,0.4738174952852797,0.5261825164360204,1.0000000117213002
lossless,2.34,0.4838083459969189,0.5161916656990602,1.000000011695979
lossless,2.35,0.4938056731278328,0.5061943385335873,1.00000001166142
lossless,2.36,0.5038054778894243,0.49619453372966366,1.000000011619088
lossless,2.37,0.5138037605097158,0.48619625106349307,1.0000000115732088
lossless,2.38,0.5237965218353746,0.4762034896965199,1.0000000115318946
lossless,2.39,0.5337797649338163,0.4662202465746842,1.0000000115085004
lossless,2.4,0.5437494966328899,0.45625051487082674,1.0000000115037166
lossless,2.41,0.5537017290929628,0.4462982824009845,1.0000000114939473
lossless,2.42,0.5636324815484398,0.4363675299282017,1.0000000114766414
lossless,2.43,0.5735377818296254,0.4264622296206092,1.0000000114502345
lossless,2.44,0.583413667951461,0.41658634346282,1.000000011414281
lossless,2.45,0.5932561896998322,0.4067438216703368,1.000000011370169
lossless,2.46,0.6030614102134234,0.3969386011086011,1.0000000113220244
lossless,2.47,0.6128254075605192,0.38717460371730333,1.0000000112778225
lossless,2.48,0.6225442763101235,0.3774557349406098,1.0000000112507332
lossless,2.49,0.6322141290490934,0.367785882196355,1.0000000112454484
lossless,2.5,0.6418310978795096,0.3581689133569772,1.0000000112364869
lossless,2.5100000000000002,0.6513913361339816,0.3486086750864394,1.000000011220421
lossless,2.52,0.6608910198433733,0.33910899135221584,1.0000000111955891
lossless,2.5300000000000002,0.6703263492634484,0.32967366189791236,1.0000000111613607
lossless,2.54,0.6796935503961893,0.32030646072264046,1.0000000111188299
lossless,2.5500000000000003,0.6889888765010652,0.3110111345706262,1.0000000110716913
lossless,2.56,0.6982086095956482,0.30179140143167665,1.0000000110273248
lossless,2.57,0.7073490619450059,0.29265094905310296,1.0000000109981089
lossless,2.58,0.7164065775051259,0.28359343348680144,1.0000000109919274
lossless,2.59,0.7253775333053925,0.27462247767805287,1.0000000109834453
lossless,2.6,0.7342583410712147,0.2657416698967824,1.0000000109679972
lossless,2.61,0.7430454485964684,0.25695456234738384,1.0000000109438523
lossless,2.62,0.7517353411574746,0.2482646697527837,1.0000000109102583
lossless,2.63,0.7603245429201998,0.2396754679479191,1.0000000108681188
lossless,2.64,0.768809618332122,0.23119039248873008,1.0000000108208522
lossless,2.65,0.7771871734982102,0.2228128372772437,1.0000000107754539
lossless,2.66,0.7854538575404888,0.21454615320330142,1.0000000107437903
lossless,2.67,0.7936063639179394,0.20639364681843644,1.0000000107363758
lossless,2.68,0.801641431657212,0.19835857907132315,1.0000000107285352
lossless,2.69,0.809555846822103,0.1904441638918574,1.0000000107139604
lossless,2.7,0.8173464437505849,0.1826535669402654,1.0000000106908502
lossless,2.71,0.8250101063094916,0.17498990434882772,1.0000000106583193
lossless,2.72,0.8325437691421474,0.16745624147491103,1.0000000106170586
lossless,2.73,0.8399444188958676,0.16005559167430566,1.0000000105701732
lossless,2.74,0.847209095428864,0.15279091509536083,1.0000000105242248
lossless,2.75,0.8543348929960709,0.14566511749442676,1.0000000104904976
lossless,2.7600000000000002,0.8613189613998148,0.13868104908164564,1.0000000104814604
lossless,2.77,0.8681585070366823,0.13184150343748693,1.0000000104741693
lossless,2.7800000000000002,0.8748507941591477,0.1251492163012031,1.0000000104603508
lossless,2.79,0.8813931459401235,0.11860686449801938,1.0000000104381428
lossless,2.8000000000000003,0.8877829455274383,0.11221706487910275,1.000000010406541
lossless,2.81,0.8940176370915858,0.10598237327445692,1.0000000103660427
lossless,2.82,0.9000947268492264,0.09990528347023976,1.0000000103194662
lossless,2.83,0.9060117840620349,0.09398822621093533,1.0000000102729703
lossless,2.84,0.9117664420105028,0.0882335682267936,1.0000000102372963
lossless,2.85,0.9173563989354682,0.08264361129088171,1.00000001022635
lossless,2.86,0.9227794188764176,0.07722059134425735,1.000000010220675
lossless,2.87,0.9280333326766047,0.07196667753422326,1.000000010210828
lossless,2.88,0.9331160388417175,0.06688397135451296,1.0000000101962305
lossless,2.89,0.9380255043610394,0.061974505816519,1.0000000101775584
lossless,2.9,0.9427597655215421,0.057240244635915795,1.0000000101574578
lossless,2.91,0.947316928694394,0.05268308144705241,1.0000000101414463
lossless,2.92,0.9516951710892209,0.04830483904782081,1.0000000101370417
lossless,2.93,0.9558927414428197,0.04410726869168155,1.0000000101345012
lossless,2.94,0.9599079607740116,0.0400920493553935,1.000000010129405
lossless,2.95,0.9637392230488095,0.036260787072399214,1.0000000101212088
lossless,2.96,0.9673849958152696,0.032615014294908214,1.0000000101101778
lossless,2.97,0.9708438208170697,0.029156189280857236,1.000000010097927
lossless,2.98,0.9741143145774983,0.02588569551061309,1.0000000100881115
lossless,2.99,0.9771951689504375,0.022804841135159615,1.000000010085597
lossless,3.0,0.9800851516206892,0.01991485846293368,1.0000000100836228
lossless,3.0100000000000002,0.9827831066292773,0.01721690345025456,1.0000000100795319
lossless,3.02,0.9852879548303596,0.014712055242565155,1.0000000100729247
lossless,3.0300000000000002,0.9875986943193447,0.012401315744707176,1.0000000100640518
lossless,3.04,0.989714400834054,0.010285609220212124,1.000000010054266
lossless,3.0500000000000003,0.9916342281248928,0.00836578192172184,1.0000000100466147
lossless,3.06,0.9933574082913201,0.006642601753569502,1.0000000100448896
lossless,3.0700000000000003,0.9948832520747217,0.0051167579688184365,1.0000000100435402
lossless,3.08,0.9962111491555371,0.0037888608851571856,1.0000000100406943
lossless,3.09,0.9973405683927321,0.002659441643247027,1.0000000100359792
lossless,3.1,0.9982710580343932,0.0017289519951205338,1.0000000100295137
lossless,3.11,0.9990022458986676,0.000997764123624253,1.0000000100222919
lossless,3.12,0.9995338395229116,0.00046617049377558055,1.0000000100166873
lossless,3.13,0.9998656262792682,0.00013438373623896608,1.000000010015507
lossless,3.14,0.9999974734522381,2.5365622757702562e-06,1.0000000100145139
lossless,3.15,0.9999293283038517,7.068170889446331e-05,1.0000000100127462
lossless,3.16,0.9996612180916493,0.00033879191880669546,1.000000010010456
lossless,3.17,0.9991932500569801,0.0008067599516514218,1.0000000100086315
lossless,3.18,0.9985256113814867,0.0014743986268690482,1.0000000100083557
lossless,3.19,0.9976585691103795,0.0023414408975352156,1.0000000100079147
lossless,3.2,0.9965924700488821,0.0034075399581465745,1.0000000100070285
lossless,3.21,0.9953277406225076,0.004672269383323139,1.0000000100058308
lossless,3.22,0.9938648867064085,0.00613512329852733,1.0000000100049358
lossless,3.23,0.9922044934226679,0.007795516582022606,1.0000000100046906
lossless,3.24,0.990347224905759,0.009652785097937483,1.0000000100036965
lossless,3.25,0.988293824037931,0.011706185963532756,1.0000000100014637
lossless,3.2600000000000002,0.9860451121516189,0.01395489784598123,1.0000000099976
lossless,3.27,0.9836019887008617,0.016398021291077678,1.0000000099919393
lossless,3.2800000000000002,0.980965430902134,0.01903457908231104,1.000000009984445
lossless,3.29,0.9781364933437727,0.02186351663117689,1.0000000099749495
lossless,3.3000000000000003,0.9751163075632399,0.024883702400385354,1.0000000099636253
lossless,3.31,0.9719060815950238,0.028093928355901448,1.0000000099509252
lossless,3.3200000000000003,0.968507099487518,0.031492910450133735,1.0000000099376518
lossless,3.33,0.9649207207894989,0.03507928913552397,1.0000000099250228
lossless,3.34,0.9611483800064046,0.038851629908334316,1.0000000099147388
lossless,3.35,0.9571915860266347,0.04280842388241037,1.0000000099090451
lossless,3.36,0.9530519215169112,0.04694808839279988,1.000000009909711
lossless,3.37,0.9487310422865431,0.051268967629061905,1.000000009915605
lossless,3.38,0.9442306766299052,0.05576933329714321,1.0000000099270485
lossless,3.39,0.9395526246331617,0.06044738531083029,1.000000009943992
lossless,3.4,0.9346987574538195,0.06530125251178934,1.0000000099656088
lossless,3.41,0.9296710165719875,0.07032899341802434,1.000000009990012
lossless,3.42,0.9244714130134614,0.07552859700046406,1.0000000100139255
lossless,3.43,0.919102026544933,0.08089798348737372,1.0000000100323068
lossless,3.44,0.9135650048434637,0.0864350051961582,1.0000000100396218
lossless,3.45,0.9078625626514661,0.09213744739155033,1.0000000100430164
lossless,3.46,0.9019969808718591,0.09800302917248147,1.0000000100443405
lossless,3.47,0.8959706056590152,0.10402940438422202,1.0000000100432371
lossless,3.48,0.8897858474828619,0.11021416255661787,1.00000001003948
lossless,3.49,0.883445180164812,0.11655482986818036,1.0000000100329924
lossless,3.5,0.8769511398883576,0.12304887013549867,1.0000000100238562
lossless,3.5100000000000002,0.8703063241847194,0.129693685827584,1.0000000100123034
lossless,3.52,0.8635133908938804,0.13648661910480475,1.000000009998685
lossless,3.5300000000000002,0.8565750570979455,0.14342495288536133,1.0000000099833068
lossless,3.54,0.8494940980374096,0.15050591192947796,1.0000000099668875
lossless,3.5500000000000003,0.8422733460022623,0.1577266639482791,1.0000000099505415
lossless,3.56,0.834915689197681,0.16508432073798518,1.000000009935666
lossless,3.5700000000000003,0.8274240705886585,0.17257593933528606,1.0000000099239446
lossless,3.58,0.8198014867227038,0.18019852319463184,1.0000000099173356
lossless,3.59,0.8120509865310762,0.18794902338698138,1.0000000099180575
lossless,3.6,0.8041756701090369,0.19582433981952269,1.0000000099285595
lossless,3.61,0.7961786874786361,0.20382132247147094,1.000000009950107
lossless,3.62,0.7880632373288812,0.21193677265309166,1.0000000099819728
lossless,3.63,0.7798325657308318,0.22016744429258958,1.0000000100234214
lossless,3.64,0.7714899648417892,0.22851004523046997,1.0000000100722592
lossless,3.65,0.7630387715882767,0.23696123853607656,1.0000000101243534
lossless,3.66,0.7544823663310593,0.24551764384202004,1.0000000101730793
lossless,3.67,0.7458241715127641,0.25417583869592153,1.0000000102086857
lossless,3.68,0.7370676502886278,0.2629323599289383,1.0000000102175661
lossless,3.69,0.7282163051466632,0.27178370504484023,1.0000000101915034
lossless,3.7,0.7192736765199793,0.28072633363147104,1.0000000101514503
lossless,3.71,0.7102433413435655,0.28975666875686745,1.000000010100433
lossless,3.72,0.7011289116336465,0.298871098407234,1.0000000100408806
lossless,3.73,0.691934033044253,0.30806597693276355,1.0000000099770165
lossless,3.74,0.6826623834091573,0.31733762650608144,1.0000000099152389
lossless,3.75,0.6733176712709413,0.3266823385935887,1.00000000986453
lossless,3.7600000000000002,0.6639036343977736,0.3360963754391296,1.0000000098369033
lossless,3.77,0.6544240382865767,0.3455759715583035,1.0000000098448802
lossless,3.7800000000000002,0.6448826746399212,0.3551173352350959,1.0000000098750172
lossless,3.79,0.6352833598719362,0.3647166500508794,1.0000000099228155
lossless,3.8000000000000003,0.6256299335778776,0.37437007640916353,1.000000009987041
lossless,3.81,0.6159262569946171,0.3840737530694836,1.0000000100641007
lossless,3.8200000000000003,0.6061762114556766,0.39382379869170747,1.000000010147384
lossless,3.83,0.5963836968381754,0.40361631338833936,1.0000000102265147
lossless,3.84,0.5865526300023093,0.4134473802842088,1.000000010286518
lossless,3.85,0.576686943224614,0.42331306708294736,1.0000000103075615
lossless,3.86,0.5667905826618334,0.43320942764210546,1.0000000103039388
lossless,3.87,0.5568675067416058,0.44313250354935807,1.0000000102909639
lossless,3.88,0.5469216845638181,0.4530783257044261,1.000000010268244
lossless,3.89,0.5369570943286466,0.46304291590733865,1.0000000102359852
lossless,3.9,0.5269777217457613,0.4730222884492792,1.0000000101950404
lossless,3.91,0.5169875584405452,0.48301245170638935,1.0000000101469346
lossless,3.92,0.5069906003579705,0.49300940973586976,1.0000000100938402
lossless,3.93,0.4969908461647585,0.503009163873753,1.0000000100385116
lossless,3.94,0.4869922956304541,0.5130077143498857,1.0000000099803397
lossless,3.95,0.4769989480228843,0.523001061893009,1.0000000099158932
lossless,3.96,0.46701480054758315,0.532985209299314,1.000000009846897
lossless,3.97,0.45704384672844756,0.5429561630474982,1.0000000097759458
lossless,3.98,0.44709007480965984,0.5529099348970272,1.000000009706687
lossless,3.99,0.43715746615987744,0.5628425434842266,1.000000009644104
lossless,4.0,0.4272499936791374,0.572750015915713,1.0000000095948502
lossless,4.01,0.41737162020910284,0.5826283893585539,1.0000000095676567
lossless,4.0200000000000005,0.40752629695791237,0.592473712612481,1.0000000095703934
lossless,4.03,0.397717961947645,0.602282047651566,1.000000009599211
lossless,4.04,0.3879505383839068,0.6120494712702859,1.0000000096541926
lossless,4.05,0.37822793310633024,0.621772076627313,1.0000000097336432
lossless,4.0600000000000005,0.3685540350288517,0.6314459748034524,1.000000009832304
lossless,4.07,0.35893271358442697,0.6410672963557702,1.000000009940197
lossless,4.08,0.34936781717753973,0.6506321928637366,1.0000000100412763
lossless,4.09,0.3398631716451348,0.6601368384667301,1.000000010111865
lossless,4.1,0.3304225787250622,0.6695774313996211,1.0000000101246833
lossless,4.11,0.32104981452032766,0.6789501955878915,1.0000000101082192
lossless,4.12,0.3117486280088813,0.6882513820637178,1.0000000100725992
lossless,4.13,0.30252273954140746,0.6974772704765217,1.0000000100179292
lossless,4.14,0.2933758393498996,0.7066241705971414,1.000000009947041
lossless,4.15,0.2843115860714648,0.7156884237949149,1.0000000098663797
lossless,4.16,0.2753336052847577,0.7246664045022654,1.0000000097870232
lossless,4.17,0.2664454880596168,0.7335545216662207,1.0000000097258375
lossless,4.18,0.2576507895206041,0.7423492201856857,1.0000000097062898
lossless,4.19,0.2489530274332346,0.7510469822841656,1.0000000097174002
lossless,4.2,0.2403556807901793,0.7596443289530291,1.0000000097432085
lossless,4.21,0.23186218841542705,0.7681378213690182,1.0000000097844453
lossless,4.22,0.22347594759256947,0.7765240622472465,1.0000000098398159
lossless,4.23,0.21520031270590806,0.7847996971992977,1.0000000099052058
lossless,4.24,0.20703859389872148,0.7929614160740259,1.0000000099727475
lossless,4.25,0.19899405574921908,0.8010059542805283,1.0000000100297475
lossless,4.26,0.1910699159647234,0.8089300940927301,1.0000000100574535
lossless,4.2700000000000005,0.18326934409588821,0.8167306659586332,1.0000000100545214
lossless,4.28,0.17559546026935866,0.8244045497784763,1.000000010047835
lossless,4.29,0.16805133393688304,0.8319486761012652,1.0000000100381483
lossless,4.3,0.16063998264900178,0.8393600273773502,1.000000010026352
lossless,4.3100000000000005,0.15336437084807958,0.8466356391659678,1.0000000100140474
lossless,4.32,0.14622740868255837,0.8537726013211449,1.0000000100037032
lossless,4.33,0.13923195084291567,0.8607680591559035,1.000000009998819
lossless,4.34,0.13238079541980835,0.8676192145842951,1.0000000100041035
lossless,4.3500000000000005,0.1256766827842359,0.8743233272386699,1.0000000100229058
lossless,4.36,0.11912229448958564,0.8808777155591285,1.000000010048714
lossless,4.37,0.11272025220252968,0.8872797578779945,1.0000000100805242
lossless,4.38,0.10647311665312599,0.8935268934643941,1.0000000101175202
lossless,4.39,0.10038338661031121,0.8996166235476611,1.0000000101579722
lossless,4.4,0.09445349788238443,0.9055465123165971,1.0000000101989814
lossless,4.41,0.08868582234268674,0.911314187893498,1.0000000102361848
lossless,4.42,0.08308266698086128,0.9169173432825666,1.0000000102634279
lossless,4.43,0.07764627298088969,0.9223537372931171,1.0000000102740068
lossless,4.44,0.07237881483381278,0.9276211954453031,1.0000000102791158
lossless,4.45,0.06728239945561414,0.9327176108280382,1.0000000102836524
lossless,4.46,0.06235906534585326,0.9376409449424504,1.0000000102883038
lossless,4.47,0.05761078177448641,0.9423892285191576,1.000000010293644
lossless,4.48,0.053039447994198644,0.9469605623057274,1.000000010299926
lossless,4.49,0.048646892480719586,0.951353117826088,1.0000000103068076
lossless,4.5,0.04443487220141622,0.9555651381115899,1.0000000103130062
lossless,4.51,0.04040507191239466,0.959594938403513,1.0000000103159077
lossless,4.5200000000000005,0.03655910347680474,0.9634409068393921,1.0000000103161968
lossless,4.53,0.032898505226551765,0.9671015050893204,1.0000000103158722
lossless,4.54,0.02942474135150183,0.9705752689633824,1.0000000103148843
lossless,4.55,0.02613920130978515,0.9738608090034229,1.000000010313208
lossless,4.5600000000000005,0.02304319927203775,0.9769568110388743,1.0000000103109121
lossless,4.57,0.020137973595795652,0.9798620367124573,1.000000010308253
lossless,4.58,0.017424686330254752,0.9825753239755501,1.0000000103058049
lossless,4.59,0.014904422751608077,0.9850955875530144,1.0000000103046225
lossless,4.6000000000000005,0.012578190932314966,0.9874218193746547,1.0000000103069697
lossless,4.61,0.010446921338658646,0.9895530889766541,1.0000000103153126
lossless,4.62,0.008511466450430879,0.9914885438799559,1.0000000103303868
lossless,4.63,0.006772600424216645,0.9932274099279466,1.0000000103521631
lossless,4.64,0.005231018783796639,0.994768991595688,1.0000000103794846
lossless,4.65,0.003887338141882647,0.9961126722677066,1.0000000104095892
lossless,4.66,0.002742095953383953,0.9972579144841568,1.0000000104375408
lossless,4.67,0.0017957503002964436,0.9982042601552491,1.0000000104555455
lossless,4.68,0.0010486797080429136,0.998951330749115,1.000000010457158
lossless,4.69,0.0005011829935920483,0.9994988274616413,1.0000000104552333
lossless,4.7,0.00015347914805372874,0.9998465313036493,1.000000010451703
lossless,4.71,5.707248162971163e-06,0.9999943031985673,1.0000000104467304
lossless,4.72,5.7926400553120865e-05,0.9999420840401511,1.000000010440704
lossless,4.73,0.0003101157181636604,0.9996898947161323,1.000000010434296
lossless,4.74,0.0007621743286637405,0.9992378360998552,1.000000010428519
lossless,4.75,0.0014139214148915918,0.9985860890099039,1.0000000104247955
lossless,4.76,0.0022650962872391993,0.9977349141376615,1.0000000104249007
lossless,4.7700000000000005,0.003315358487042976,0.99668465194197,1.000000010429013
lossless,4.78,0.00456428792333442,0.9954357225139964,1.0000000104373308
lossless,4.79,0.00601138504103824,0.9939886254089983,1.0000000104500366
lossless,4.8,0.007656071020625617,0.9923439394460772,1.0000000104667028
lossless,4.8100000000000005,0.009497688009615805,0.9905023224764179,1.0000000104860336
lossless,4.82,0.01153549938568358,0.9884645111198743,1.000000010505558
lossless,4.83,0.013768690051269065,0.9862313204699983,1.0000000105212674
lossless,4.84,0.016196366759570188,0.9838036437676828,1.000000010527253
lossless,4.8500000000000005,0.01881755847224996,0.9811824520551634,1.0000000105274134
lossless,4.86,0.0216312167476807,0.9783687937806226,1.0000000105283033
lossless,4.87,0.024636216159957862,0.9753637943702167,1.0000000105301745
lossless,4.88,0.02783135474926292,0.9721686557839156,1.0000000105331786
lossless,4.89,0.03121535450263669,0.9687846560346443,1.000000010537281
lossless,4.9,0.03478686186517483,0.965213148676978,1.000000010542153
lossless,4.91,0.038544448281439506,0.9614555622655958,1.0000000105470352
lossless,4.92,0.04248661076687571,0.9575133997837,1.0000000105505757
lossless,4.93,0.04661177250900016,0.953388238043956,1.000000010552956
lossless,4.94,0.050918283498124474,0.9490817270594932,1.0000000105576177
lossless,4.95,0.05540442118734894,0.9445955893775156,1.0000000105648645
lossless,4.96,0.060068391181585065,0.9399316193930037,1.0000000105745888
lossless,4.97,0.06490832795531365,0.9350916826308939,1.0000000105862075
lossless,4.98,0.06992229559879898,0.9300777149996815,1.0000000105984805
lossless,4.99,0.07510828859245636,0.9248917220168356,1.000000010609292
lossless,5.0,0.08046423260907004,0.9195357780063262,1.0000000106153963
lossless,5.01,0.08598798534322581,0.9140120252711318,1.0000000106143576
lossless,5.0200000000000005,0.09167733736688795,0.9083226732463996,1.0000000106132876
lossless,5.03,0.09753001301506506,0.9024699975985087,1.0000000106135738
lossless,5.04,0.10354367129544083,0.8964563393198256,1.0000000106152664
lossless,5.05,0.10971590682450828,0.8902841037935119,1.0000000106180202
lossless,5.0600000000000005,0.11604425078958976,0.8839557598313116,1.0000000106209013
lossless,5.07,0.12252617193620488,0.8774738386859459,1.0000000106221507
lossless,5.08,0.12915907758039824,0.8708409330385014,1.0000000106188995
lossless,5.09,0.13594031464590556,0.8640596959615519,1.0000000106074574
lossless,5.1000000000000005,0.14286717073017227,0.8571328398630988,1.0000000105932711
lossless,5.11,0.14993687518414506,0.8500631353954987,1.0000000105796438
lossless,5.12,0.15714660022036148,0.842853410347103,1.0000000105674645
lossless,5.13,0.16449346204530912,0.8355065485124268,1.000000010557736
lossless,5.14,0.17197452201301452,0.8280254885385286,1.0000000105515432
lossless,5.15,0.17958678780058984,0.8204132227494249,1.0000000105500146
lossless,5.16,0.18732721460526455,0.8126727959490032,1.0000000105542677
lossless,5.17,0.19519270636242558,0.8048073042029172,1.0000000105653428
lossless,5.18,0.20318011697980415,0.7968198936043639,1.000000010584168
lossless,5.19,0.21128625159769193,0.7887137590132505,1.0000000106109423
lossless,5.2,0.21950786787051327,0.7804921427743484,1.0000000106448617
lossless,5.21,0.22784167726122845,0.7721583334227266,1.000000010683955
lossless,5.22,0.23628434635655152,0.763715664368167,1.0000000107247184
lossless,5.23,0.24483249820009215,0.7551675125615932,1.0000000107616853
lossless,5.24,0.25348271364287445,0.7465172971440548,1.0000000107869291
lossless,5.25,0.26223153271070226,0.7377684780787971,1.0000000107894993
lossless,5.26,0.27107545599123234,0.7289245547750868,1.0000000107663192
lossless,5.2700000000000005,0.2800109460373371,0.7199890646964355,1.0000000107337725
lossless,5.28,0.28903442877195795,0.7109655819214791,1.000000010693437
lossless,5.29,0.2981422949220226,0.7018577157252307,1.0000000106472533
lossless,5.3,0.3073309014623223,0.6926691091360085,1.0000000105983309
lossless,5.3100000000000005,0.31659657307271627,0.683403437478415,1.0000000105511313
lossless,5.32,0.32593560360825335,0.6740644069034017,1.000000010511655
lossless,5.33,0.3353442575816334,0.6646557529059923,1.0000000104876257
lossless,5.34,0.34481877165731073,0.6551812388283632,1.0000000104856739
lossless,5.3500000000000005,0.3543553561563917,0.6456446543412265,1.0000000104976183
lossless,5.36,0.36395019657314304,0.636049813949279,1.000000010522422
lossless,5.37,0.37359945510060205,0.6264005554591087,1.0000000105597107
lossless,5.38,0.38329927216561355,0.616700738441958,1.0000000106075717
lossless,5.39,0.39304576797262464,0.6069542426894907,1.0000000106621154
lossless,5.4,0.40283504405556025,0.5971649666614225,1.0000000107169829
lossless,5.41,0.41266318483715214,0.5873368259256471,1.000000010762799
lossless,5.42,0.4225262591948687,0.5774737515931189,1.0000000107879876
lossless,5.43,0.4324203220285797,0.5675796887766839,1.0000000108052636
lossless,5.44,0.44234141584314973,0.5576585949779933,1.000000010821143
lossless,5.45,0.45228557233146005,0.5477144385028332,1.0000000108342932
lossless,5.46,0.46224881396007594,0.5377511968828839,1.0000000108429599
lossless,5.47,0.4722271555597769,0.5277728552850047,1.0000000108447815
lossless,5.48,0.48221660591907994,0.517783404917471,1.000000010836551
lossless,5.49,0.4922131693801035,0.5077868414338077,1.000000010813911
lossless,5.5,0.5022128474361546,0.49778716333483375,1.0000000107709883
lossless,5.51,0.5122116403528795,0.48778837035696654,1.000000010709846
lossless,5.5200000000000005,0.5222055487602392,0.47779446187777264,1.0000000106380118
lossless,5.53,0.532190575230153,0.46780943532871255,1.0000000105588656
lossless,5.54,0.5421627258897359,0.45783728458801354,1.0000000104777493
lossless,5.55,0.552118012019475,0.44788199838294174,1.0000000104024167
lossless,5.5600000000000005,0.5620524516494366,0.43794755869410185,1.0000000103435385
lossless,5.57,0.5719620711528632,0.42803793916241334,1.0000000103152766
lossless,5.58,0.5818429068365361,0.4181571034993882,1.0000000103359243
lossless,5.59,0.5916910065083778,0.4083090039058915,1.0000000104142692
lossless,5.6000000000000005,0.6015024310340825,0.3984975794964527,1.000000010530535
lossless,5.61,0.6112732559734859,0.3887267547085572,1.0000000106820432
lossless,5.62,0.6209995731237047,0.3790004377392306,1.0000000108629352
lossless,5.63,0.630677492079859,0.3693225189820214,1.0000000110618803
lossless,5.64,0.6403031417898709,0.3596968694707573,1.0000000112606282
lossless,5.65,0.6498726721013308,0.35012733933103785,1.0000000114323686
lossless,5.66,0.659382255299794,0.34061775624008817,1.0000000115398822
lossless,5.67,0.6688280876505571,0.33117192389845745,1.0000000115490146
lossless,5.68,0.6782063909865006,0.3217936205233962,1.0000000115098968
lossless,5.69,0.6875134141187849,0.31248659731415795,1.0000000114329428
lossless,5.7,0.6967454343630404,0.3032545769579288,1.000000011320969
lossless,5.71,0.7058987590386291,0.2941012521431628,1.000000011181792
lossless,5.72,0.7149697269467525,0.28503028408276876,1.0000000110295213
lossless,5.73,0.7239547098361226,0.27604530104988056,1.0000000108860032
lossless,5.74,0.732850113855603,0.2671498969268015,1.0000000107824045
lossless,5.75,0.7416523809907442,0.2583476297667913,1.0000000107575355
lossless,5.76,0.7503579904294488,0.24964202035058633,1.000000010780035
lossless,5.7700000000000005,0.7589634600293353,0.24103655080018632,1.0000000108295217
lossless,5.78,0.7674653477180674,0.23253466318812455,1.000000010906192
lossless,5.79,0.7758602528522782,0.2241397581541793,1.0000000110064575
lossless,5.8,0.7841448175768687,0.2158551935448742,1.0000000111217429
lossless,5.8100000000000005,0.7923157281670392,0.2076842830700835,1.0000000112371228
lossless,5.82,0.8003697163525072,0.1996302949772936,1.0000000113298009
lossless,5.83,0.8083035606233734,0.1916964507440447,1.0000000113674181
lossless,5.84,0.8161140875537608,0.18388592380609287,1.0000000113598537
lossless,5.8500000000000005,0.8237981730612144,0.17620183828194308,1.0000000113431575
lossless,5.86,0.831352743613729,0.1686472677035181,1.0000000113172471
lossless,5.87,0.8387747774842382,0.16122523379903986,1.000000011283278
lossless,5.88,0.8460613059594992,0.15393870528449374,1.000000011243993
lossless,5.89,0.853209414527805,0.1467905966762901,1.000000011204095
lossless,5.9,0.8602162440450467,0.13978376712559845,1.000000011170645
lossless,5.91,0.8670789918786527,0.13292101927481975,1.0000000111534724
lossless,5.92,0.8737949130238507,0.1262050981329306,1.0000000111567813
lossless,5.93,0.8803613211940191,0.11963868997250725,1.0000000111665264
lossless,5.94,0.8867755899133865,0.11322442126886643,1.000000011182253
lossless,5.95,0.8930351535599866,0.10696485764368241,1.000000011203669
lossless,5.96,0.8991375083911635,0.1008625028383408,1.0000000112295042
lossless,5.97,0.9050802135447653,0.09491979771242053,1.0000000112571859
lossless,5.98,0.91086089201514,0.08913911926732844,1.0000000112824685
lossless,5.99,0.9164772316035277,0.08352277969548629,1.000000011299014
lossless,6.0,0.9219269858445744,0.07807302545629924,1.0000000113008736
lossless,6.01,0.9272079749171859,0.07279203638244398,1.00000001129963
lossless,6.0200000000000005,0.9323180864978827,0.06768192480006163,1.0000000112979444
lossless,6.03,0.9372552766097985,0.0627447346858369,1.0000000112956353
lossless,6.04,0.9420175704420362,0.057982440850233775,1.00000001129227
lossless,6.05,0.9466030631394329,0.05339694814759776,1.0000000112870306
lossless,6.0600000000000005,0.9510099205643139,0.04899009071423351,1.0000000112785474
lossless,6.07,0.9552363800299245,0.044763631234767565,1.000000011264692
lossless,6.08,0.9592807510055636,0.04071926023704393,1.0000000112426075
lossless,6.09,0.9631414158015298,0.03685859541488155,1.0000000112164114
lossless,6.1000000000000005,0.9668168302074388,0.03318318098220689,1.0000000111896457
lossless,6.11,0.9703055241080903,0.02969448705553804,1.0000000111636285
lossless,6.12,0.9736061020743245,0.026393909065588864,1.0000000111399134
lossless,6.13,0.9767172439211418,0.023282767199120372,1.0000000111202623
lossless,6.140000000000001,0.9796377052357083,0.020362305870894538,1.0000000111066027
lossless,6.15,0.9823663178750233,0.017633693225946562,1.00000001110097
lossless,6.16,0.9849019904330533,0.01509802067237259,1.000000011105426
lossless,6.17,0.9872437086755975,0.012756302445798503,1.000000011121396
lossless,6.18,0.9893905359459605,0.010609475203227137,1.0000000111491876
lossless,6.19,0.9913416135413701,0.008658397647051572,1.0000000111884217
lossless,6.2,0.9930961610549177,0.006903850182445173,1.0000000112373628
lossless,6.21,0.994653476687285,0.005346534605197026,1.000000011292482
lossless,6.22,0.9960129375269615,0.003987073820985205,1.0000000113479468
lossless,6.23,0.9971739997988397,0.0028260115961968647,1.0000000113950365
lossless,6.24,0.9981361990810799,0.0018638123403957288,1.0000000114214755
lossless,6.25,0.9988991505005421,0.0011008609204399358,1.0000000114209822
lossless,6.26,0.9994625489047516,0.0005374625065084483,1.0000000114112602
lossless,6.2700000000000005,0.999826168943116,0.00017384245044343072,1.0000000113935594
lossless,6.28,0.9999898651733314,1.0146195398429081e-05,1.00000001136873
lossless,6.29,0.9999535721210896,4.643921765754634e-05,1.000000011338747
lossless,6.3,0.9997173043065022,0.00028270700046005294,1.0000000113069623
lossless,6.3100000000000005,0.999281156238541,0.0007188550398282619,1.0000000112783691
lossless,6.32,0.9986453023774913,0.001354708882397598,1.0000000112598888
lossless,6.33,0.9978099970633237,0.002190014195202988,1.0000000112585268
lossless,6.34,0.9967755743996409,0.0032244368671500694,1.000000011266791
lossless,6.3500000000000005,0.9955424481403188,0.00445756314288542,1.0000000112832041
lossless,6.36,0.9941111115195105,0.005888899788304382,1.000000011307815
lossless,6.37,0.9924821370516264,0.007517874287822708,1.0000000113394492
lossless,6.38,0.9906561763018907,0.009343835073390303,1.000000011375281
lossless,6.390000000000001,0.9886339596252066,0.01136605178512888,1.0000000114103356
lossless,6.4,0.9864162958734333,0.013583715563487942,1.0000000114369212
lossless,6.41,0.9840040720718618,0.01599593937279199,1.000000011444654
lossless,6.42,0.9813982530878774,0.018601758355552334,1.0000000114434298
lossless,6.43,0.9785998812225997,0.021400130218729902,1.0000000114413297
lossless,6.44,0.9756100757875237,0.024389935650786173,1.0000000114383099
lossless,6.45,0.9724300326650847,0.027569978769211318,1.000000011434296
lossless,6.46,0.9690610238302999,0.03093898759882501,1.000000011429125
lossless,6.47,0.9655043968419592,0.03449561458050267,1.0000000114224619
lossless,6.48,0.9617615743035683,0.038238437110126464,1.0000000114136949
lossless,6.49,0.9578340532942535,0.0421659581075415,1.000000011401795
lossless,6.5,0.953723404771038,0.04627660661651921,1.0000000113875571
lossless,6.51,0.9494312729403672,0.05056873843332825,1.0000000113736955
lossless,6.5200000000000005,0.9449593745985281,0.055040636762588684,1.0000000113611167
lossless,6.53,0.9403094984458321,0.059690512904963605,1.0000000113507956
lossless,6.54,0.9354835043710186,0.06451650697270775,1.0000000113437264
lossless,6.55,0.930483322707151,0.06951668863369946,1.0000000113408505
lossless,6.5600000000000005,0.9253109534593013,0.07468905788366875,1.0000000113429701
lossless,6.57,0.9199684655043282,0.08003154584630909,1.0000000113506373
lossless,6.58,0.9144579957652315,0.08554201559946348,1.000000011364695
lossless,6.59,0.9087817483606041,0.09121826302653722,1.0000000113871412
lossless,6.6000000000000005,0.9029419937134454,0.09705801770428159,1.000000011417727
lossless,6.61,0.896941067646395,0.10305894380854509,1.00000001145494
lossless,6.62,0.8907813704475591,0.10921864104816485,1.000000011495724
lossless,6.63,0.8844653659101704,0.11553464562483717,1.0000000115350076
lossless,6.640000000000001,0.8779955803468062,0.12200443121835387,1.0000000115651602
lossless,6.65,0.8713746015785595,0.12862540999680053,1.00000001157536
lossless,6.66,0.864605077901966,0.1353949336524763,1.0000000115544423
lossless,6.67,0.857689717048155,0.14231029447031043,1.0000000115184655
lossless,6.68,0.8506312850740104,0.14936872639907195,1.0000000114730825
lossless,6.69,0.8434326052605642,0.15656740615976514,1.0000000114203293
lossless,6.7,0.8360965569871744,0.16390345437661674,1.0000000113637912
lossless,6.71,0.828626074579953,0.17137393672899182,1.000000011308945
lossless,6.72,0.8210241461382128,0.17897586512531594,1.0000000112635288
lossless,6.73,0.8132938123394036,0.1867061988985477,1.0000000112379512
lossless,6.74,0.8054381652226691,0.19456184602254908,1.000000011245218
lossless,6.75,0.7974603469367783,0.20253966434133275,1.000000011278111
lossless,6.76,0.7893635484964979,0.21063646283212775,1.0000000113286256
lossless,6.7700000000000005,0.7811510085110146,0.21884900288452766,1.0000000113955423
lossless,6.78,0.7728260118822722,0.22717399959302698,1.0000000114752992
lossless,6.79,0.7643918884904728,0.23560812307084725,1.0000000115613201
lossless,6.8,0.7558520118615276,0.24414799978172005,1.0000000116432477
lossless,6.8100000000000005,0.7472097978169803,0.2527902138891034,1.0000000117060837
lossless,6.82,0.7384687031069492,0.2615313086222787,1.0000000117292278
lossless,6.83,0.7296322240538224,0.27036778765999264,1.000000011713815
lossless,6.84,0.7207038951564078,0.27929611652896236,1.00000001168537
lossless,6.8500000000000005,0.7116872876288798,0.28831272401532326,1.000000011644203
lossless,6.86,0.7025860079977228,0.2974140035938718,1.0000000115915946
lossless,6.87,0.6934036966597941,0.3065963148703576,1.0000000115301517
lossless,6.88,0.6841440264267302,0.3158559850372623,1.0000000114639924
lossless,6.890000000000001,0.6748107010564129,0.32518931034250415,1.0000000113989171
lossless,6.9,0.665407453772087,0.33459255757046136,1.0000000113425482
lossless,6.91,0.6559380457580966,0.344061965541037,1.0000000112991336
lossless,6.92,0.6464062646284283,0.3535937466295275,1.000000011257956
lossless,6.93,0.6368159229665414,0.3631840882526666,1.000000011219208
lossless,6.94,0.6271708567796268,0.37282915440450193,1.0000000111841287
lossless,6.95,0.6174749239612417,0.382525087192616,1.0000000111538578
lossless,6.96,0.6077320027475055,0.3922680083819256,1.0000000111294312
lossless,6.97,0.5979459901651007,0.40205402094669984,1.0000000111118006
lossless,6.98,0.5881208004716852,0.41187921063019717,1.0000000111018825
lossless,6.99,0.5782603635943405,0.4217396475069195,1.00000001110126
lossless,7.0,0.568368623601148,0.4316313875154012,1.0000000111165492
lossless,7.01,0.5584495370640367,0.4415504740859186,1.0000000111499552
lossless,7.0200000000000005,0.5485070714855877,0.45149293971530924,1.000000011200897
lossless,7.03,0.5385452037208622,0.4614548075456625,1.0000000112665246
lossless,7.04,0.5285679183869928,0.47143209295390076,1.0000000113408936
lossless,7.05,0.5185792062696982,0.4814208051442832,1.0000000114139813
lossless,7.0600000000000005,0.5085830627273399,0.4914169487431923,1.000000011470532
lossless,7.07,0.49858348609288083,0.5014165253964548,1.0000000114893357
lossless,7.08,0.48858447605777044,0.5114155354229097,1.0000000114806802
lossless,7.09,0.47859003208638257,0.5214099793714894,1.000000011457872
lossless,7.1000000000000005,0.46860415182333137,0.531395859597212,1.0000000114205434
lossless,7.11,0.458630829487268,0.5413691818829511,1.0000000113702192
lossless,7.12,0.44867405427302737,0.551325957037952,1.0000000113109793
lossless,7.13,0.4387378087557658,0.5612622024944618,1.0000000112502276
lossless,7.140000000000001,0.4288260672977193,0.5711739439018608,1.0000000111995802
lossless,7.15,0.4189427944582243,0.5810572167176484,1.0000000111758727
lossless,7.16,0.4090919434152443,0.590908067766944,1.0000000111821883
lossless,7.17,0.3992774543857467,0.6007225568153148,1.0000000112010614
lossless,7.18,0.38950325303456956,0.6104967581987394,1.000000011233309
lossless,7.19,0.37977324891183944,0.6202267623665161,1.0000000112783556
lossless,7.2,0.37009133388925025,0.6299086774440961,1.0000000113333463
lossless,7.21,0.36046138060331734,0.6395386307890236,1.0000000113923408
lossless,7.22,0.3508872409063258,0.6491127705390495,1.0000000114453753
lossless,7.23,0.3413727443255805,0.6586272671517951,1.0000000114773755
lossless,7.24,0.3319216965325634,0.6680783149457111,1.0000000114782746
lossless,7.25,0.3225378778232712,0.6774621336505403,1.0000000114738115
lossless,7.26,0.3132250416010027,0.6867749698662551,1.0000000114672578
lossless,7.2700000000000005,0.3039869128768536,0.6960130985826305,1.000000011459484
lossless,7.28,0.2948271867800053,0.7051728246719827,1.000000011451988
lossless,7.29,0.2857495270796952,0.7142504843673357,1.0000000114470309
lossless,7.3,0.2767575647197327,0.7232424467280533,1.0000000114477858
lossless,7.3100000000000005,0.26785489636613263,0.7321451150923605,1.000000011458493
lossless,7.32,0.25904508296822853,0.74095492851542,1.0000000114836485
lossless,7.33,0.2503316483319704,0.749668363186062,1.0000000115180323
lossless,7.34,0.24171807771343143,0.7582819338458847,1.0000000115593162
lossless,7.3500000000000005,0.23320781642424948,0.766792195182152,1.0000000116064016
lossless,7.36,0.22480426845294954,0.7751957432041731,1.0000000116571226
lossless,7.37,0.21651079510326984,0.7834892166046814,1.0000000117079513
lossless,7.38,0.20833071364956707,0.7916692981040941,1.0000000117536612
lossless,7.390000000000001,0.2002672960098282,0.7997327157771201,1.0000000117869483
lossless,7.4,0.19232376743698557,0.8076762443612595,1.000000011798245
lossless,7.41,0.18450330524161565,0.8154967065537672,1.000000011795383
lossless,7.42,0.17680903751076743,0.8231909742771879,1.0000000117879553
lossless,7.43,0.1692440418503812,0.8307559699266325,1.0000000117770136
lossless,7.44,0.1618113441602466,0.8381886676037439,1.0000000117639904
lossless,7.45,0.1545139174238023,0.8454860943268224,1.0000000117506247
lossless,7.46,0.14735468051908435,0.8526453312197552,1.0000000117388395
lossless,7.47,0.1403364970513084,0.8596635146792571,1.0000000117305654
lossless,7.48,0.13346217420753784,0.8665378375199625,1.0000000117275003
lossless,7.49,0.12673446162573673,0.8732655501038556,1.0000000117295924
lossless,7.5,0.12015605029220028,0.879843961443186,1.0000000117353862
lossless,7.51,0.11372957148325659,0.8862704402616144,1.000000011744871
lossless,7.5200000000000005,0.10745759570350952,0.8925424160540648,1.0000000117575742
lossless,7.53,0.1013426316573809,0.8986573801150634,1.0000000117724444
lossless,7.54,0.0953871252455257,0.9046128865422343,1.0000000117877599
lossless,7.55,0.08959345858639299,0.9104065532146604,1.0000000118010532
lossless,7.5600000000000005,0.08396394906332072,0.9160360627457205,1.0000000118090413
lossless,7.57,0.07850084840147574,0.9214991634089621,1.0000000118104377
lossless,7.58,0.07320634177859785,0.9267936700353606,1.0000000118139585
lossless,7.59,0.06808254692810131,0.9319174648930739,1.0000000118211751
lossless,7.6000000000000005,0.06313151330003682,0.9368684985323256,1.0000000118323624
lossless,7.61,0.05835522124268893,0.941644790604523,1.0000000118472119
lossless,7.62,0.05375558121049968,0.9462444306540174,1.0000000118645171
lossless,7.63,0.049334432999936,0.950665578881844,1.00000001188178
lossless,7.640000000000001,0.04509354501359557,0.9549064668811343,1.0000000118947299
lossless,7.65,0.04103461355232934,0.9589653983455446,1.000000011897874
lossless,7.66,0.03715926213090852,0.9628407497669046,1.0000000118978132
lossless,7.67,0.03346904083679635,0.9665309710607014,1.0000000118974977
lossless,7.68,0.02996542570915699,0.9700345861878831,1.00000001189704
lossless,7.69,0.02664981814703294,0.9733501937495337,1.0000000118965666
lossless,7.7,0.02352354434879984,0.9764764675474071,1.000000011896207
lossless,7.71,0.020587854781708926,0.9794121571143698,1.0000000118960788
lossless,7.72,0.017843923681738625,0.9821560882145306,1.0000000118962693
lossless,7.73,0.015292848583968132,0.984707163312862,1.0000000118968302
lossless,7.74,0.012935649885369514,0.9870643620140647,1.000000011899434
lossless,7.75,0.010773270434989428,0.9892267414706347,1.000000011905624
lossless,7.76,0.008806575155823167,0.9911934367598727,1.0000000119156958
lossless,7.7700000000000005,0.007036350699818332,0.9929636612296393,1.0000000119294576
lossless,7.78,0.005463305133219985,0.9945367068127839,1.000000011946004
lossless,7.79,0.004088067653345061,0.9959119443100997,1.0000000119634447
lossless,7.8,0.002911188336902136,0.9970888236416809,1.000000011978583
lossless,7.8100000000000005,0.0019331379199545376,0.9980668740665832,1.0000000119865378
lossless,7.82,0.001154307609572189,0.9988457043774223,1.0000000119869945
lossless,7.83,0.0005750089273773072,0.9994250030608461,1.0000000119882235
lossless,7.84,0.0001954735850659651,0.9998045384056253,1.0000000119906913
lossless,7.8500000000000005,1.5853391646926948e-05,0.9999841586029342,1.000000011994581
lossless,7.86,3.622019272215367e-05,0.9999637918071622,1.0000000119998844
lossless,7.87,0.0002565658417558486,0.9997434461645335,1.0000000120062893
lossless,7.88,0.0006768022033429213,0.9993232098097031,1.0000000120130461
lossless,7.890000000000001,0.0012967611884760074,0.9987032508303239,1.0000000120188
lossless,7.9,0.0021161948217803045,0.9978838172008587,1.000000012022639
lossless,7.91,0.003134775340630423,0.9968652366877286,1.000000012028359
lossless,7.92,0.004352095326343256,0.9956479167103187,1.000000012036662
lossless,7.930000000000001,0.005767667867144624,0.9942323441802968,1.0000000120474415
lossless,7.94,0.0073809267529411455,0.992619085307188,1.0000000120601291
lossless,7.95,0.009191226701821183,0.9908087853716918,1.000000012073513
lossless,7.96,0.011197843618186994,0.9888021684673364,1.0000000120855235
lossless,7.97,0.013399974882417176,0.9866000372105616,1.0000000120929786
lossless,7.98,0.01579673967189104,0.9842032724201865,1.0000000120920776
lossless,7.99,0.018387179312540525,0.9816128327763819,1.0000000120889223
lossless,8.0,0.02117025766301361,0.9788297544234478,1.0000000120864614
lossless,8.01,0.024144861529123384,0.9758551505558023,1.0000000120849257
lossless,8.02,0.027309801108907936,0.972690210975377,1.000000012084285
lossless,8.03,0.030663810468479418,0.9693362016156054,1.0000000120840848
lossless,8.040000000000001,0.03420554804831382,0.9657944640349353,1.000000012083249
lossless,8.05,0.03793359719977366,0.9620664148800626,1.0000000120798362
lossless,8.06,0.041846466751665375,0.9581535453191157,1.000000012070781
lossless,8.07,0.04594259160844737,0.9540574204502842,1.0000000120587316
lossless,8.08,0.05022033337548056,0.9497796786725778,1.0000000120480583
lossless,8.09,0.054677981013010336,0.9453220310265209,1.0000000120395311
lossless,8.1,0.059313751521500604,0.9406862605123963,1.000000012033897
lossless,8.11,0.06412579065488676,0.9358742213769271,1.0000000120318138
lossless,8.120000000000001,0.06911217366234276,0.930887838371427,1.0000000120337698
lossless,8.13,0.07427090605826198,0.9257291059817194,1.0000000120399815
lossless,8.14,0.07959992442015854,0.9204000876301186,1.0000000120502772
lossless,8.15,0.08509709721251335,0.914902914852773,1.0000000120652863
lossless,8.16,0.09076022563780846,0.9092397864492406,1.0000000120870491
lossless,8.17,0.09658704452030999,0.9034129675947711,1.0000000121150812
lossless,8.18,0.10257522321017735,0.8974247889377195,1.000000012147897
lossless,8.19,0.10872236651554343,0.8912776456672051,1.0000000121827486
lossless,8.2,0.1150260156604527,0.8849739965548029,1.0000000122152557
lossless,8.21,0.12148364926821113,0.8785163629707624,1.0000000122389736
lossless,8.22,0.1280926843697449,0.8719073278751525,1.0000000122448973
lossless,8.23,0.13485047743749506,0.8651495347883613,1.0000000122258563
lossless,8.24,0.14175432544658587,0.858245686749926,1.0000000121965118
lossless,8.25,0.1488014669500282,0.8511985452100662,1.0000000121600945
lossless,8.26,0.15598908318493726,0.8440109289333354,1.0000000121182726
lossless,8.27,0.1633142992004654,0.836685712873274,1.0000000120737393
lossless,8.28,0.17077418500777655,0.8292258270225966,1.0000000120303731
lossless,8.290000000000001,0.17836575675204225,0.8216342552413591,1.0000000119934014
lossless,8.3,0.1860859779059814,0.8139140340635797,1.0000000119695611
lossless,8.31,0.19393176048445832,0.806068251481953,1.0000000119664114
lossless,8.32,0.2018999662791942,0.7981000456994692,1.0000000119786634
lossless,8.33,0.20998740811455743,0.7900126038890712,1.0000000120036288
lossless,8.34,0.218190851122442,0.7818091609185642,1.0000000120410062
lossless,8.35,0.2265070140360874,0.7734929980528866,1.000000012088974
lossless,8.36,0.23493257050257393,0.7650674416411638,1.0000000121437378
lossless,8.370000000000001,0.24346415041335115,0.7565358617856716,1.0000000121990227
lossless,8.38,0.25209834125225755,0.7479016709932451,1.0000000122455026
lossless,8.39,0.26083168946050733,0.7391683228097099,1.0000000122702173
lossless,8.4,0.2696607018148554,0.7303393104643369,1.0000000122791923
lossless,8.41,0.27858184682608306,0.7214181654589557,1.0000000122850388
lossless,8.42,0.28759155615410514,0.7124084561328342,1.0000000122869395
lossless,8.43,0.29668622603322936,0.7033137862508023,1.0000000122840316
lossless,8.44,0.30586221871330277,0.6941377935620232,1.000000012275326
lossless,8.45,0.31511586391439944,0.6848841483451844,1.0000000122595838
lossless,8.46,0.3244434602944659,0.675556551940683,1.000000012235149
lossless,8.47,0.3338412769293223,0.6661587352704051,1.0000000121997275
lossless,8.48,0.3433055548137535,0.6566944573390145,1.0000000121527681
lossless,8.49,0.3528325083751515,0.6471675037238745,1.000000012099026
lossless,8.5,0.36241832696054876,0.6375816850806483,1.000000012041197
lossless,8.51,0.3720591763730334,0.6279408356100841,1.0000000119831174
lossless,8.52,0.38175120040640287,0.6182488115237726,1.0000000119301755
lossless,8.53,0.39149052238819765,0.6085094895014286,1.0000000118896262
lossless,8.540000000000001,0.4012732467310017,0.5987267651399444,1.000000011870946
lossless,8.55,0.41109546049138435,0.5889045513948511,1.0000000118862356
lossless,8.56,0.42095323492922154,0.5790467770170639,1.0000000119462853
lossless,8.57,0.4308426270478858,0.5691573849915876,1.0000000120394734
lossless,8.58,0.44075968121929193,0.5592403309431847,1.0000000121624766
lossless,8.59,0.45070043075254584,0.5492995815587337,1.0000000123112796
lossless,8.6,0.46066089947574207,0.5393391130018176,1.0000000124775597
lossless,8.61,0.470637103325384,0.5293629093221104,1.0000000126474944
lossless,8.620000000000001,0.48062505193880545,0.5193749608615923,1.0000000128003976
lossless,8.63,0.4906207502489348,0.5093792626582379,1.0000000129071727
lossless,8.64,0.5006202000835445,0.49937981284880945,1.0000000129323539
lossless,8.65,0.510619401817374,0.48938061108902076,1.0000000129063946
lossless,8.66,0.5206143559156171,0.47938565693212476,1.000000012847742
lossless,8.67,0.5306010645297693,0.4693989482282028,1.000000012757972
lossless,8.68,0.5405755331119347,0.4594244795307798,1.0000000126427144
lossless,8.69,0.550533772013432,0.44946624049931727,1.0000000125127493
lossless,8.700000000000001,0.560471798081565,0.4395282143036673,1.0000000123852324
lossless,8.71,0.5703856362539168,0.4296143760311343,1.0000000122850512
lossless,8.72,0.5802713211495442,0.41972869109674216,1.0000000122462862
lossless,8.73,0.5901248986213585,0.4098751136397492,1.0000000122611077
lossless,8.74,0.5999424273504079,0.4000575849495753,1.0000000122999833
lossless,8.75,0.6097199804571207,0.3902800319067016,1.0000000123638224
lossless,8.76,0.619453647049969,0.38054636540036835,1.0000000124503372
lossless,8.77,0.6291395337890828,0.3708604787638774,1.0000000125529602
lossless,8.78,0.6387737664427225,0.361226246216886,1.0000000126596085
lossless,8.790000000000001,0.6483524914359748,0.3516475213153172,1.000000012751292
lossless,8.8,0.6578718773910341,0.34212813540952214,1.0000000128005562
lossless,8.81,0.6673281166744288,0.33267189612322473,1.0000000127976536
lossless,8.82,0.6767174269399914,0.3232825858444261,1.0000000127844175
lossless,8.83,0.6860360525896708,0.31396396017292033,1.0000000127625912
lossless,8.84,0.695280266297618,0.304719746435308,1.000000012732926
lossless,8.85,0.7044463705024072,0.29555364219515484,1.0000000126975621
lossless,8.86,0.7135306988862102,0.2864693137741675,1.0000000126603776
lossless,8.870000000000001,0.7225296178414946,0.27747039478586755,1.0000000126273623
lossless,8.88,0.7314395279246565,0.2685604846823547,1.0000000126070112
lossless,8.89,0.7402568652943919,0.25974314731270565,1.0000000126070976
lossless,8.9,0.7489781031286211,0.2510219094872204,1.0000000126158415
lossless,8.91,0.7575997530481834,0.2424002595832537,1.000000012631437
lossless,8.92,0.7661183665087988,0.23388164614547982,1.0000000126542787
lossless,8.93,0.7745305361790946,0.22546947650490062,1.0000000126839952
lossless,8.94,0.7828328973033142,0.2171671154158448,1.000000012719159
lossless,8.950000000000001,0.7910221290469585,0.2089778837099897,1.0000000127569482
lossless,8.96,0.7990949558248052,0.20090505696795397,1.000000012792759
lossless,8.97,0.8070481486110828,0.19295186420935215,1.000000012820435
lossless,8.98,0.8148785262374133,0.1851214866097724,1.0000000128471858
lossless,8.99,0.8225829566582719,0.17741705621883302,1.000000012877105
lossless,9.0,0.8301583582026405,0.16984165470645762,1.0000000129090982
lossless,9.01,0.8376017008083668,0.1623983121329167,1.0000000129412836
lossless,9.02,0.8449100072338821,0.15509000573685422,1.0000000129707363
lossless,9.03,0.8520803542487492,0.1479196587444384,1.0000000129931876
lossless,9.040000000000001,0.8591098738025567,0.14089013920011043,1.0000000130026672
lossless,9.05,0.865995754171684,0.13400425881940578,1.0000000129910898
lossless,9.06,0.8727352410983836,0.1272647718623615,1.0000000129607451
lossless,9.07,0.8793256388885703,0.12067437403254415,1.0000000129211144
lossless,9.08,0.8857643114729093,0.11423570140101363,1.000000012873923
lossless,9.09,0.8920486834716491,0.10795132935048708,1.0000000128221362
lossless,9.1,0.8981762412250444,0.10182377154517305,1.0000000127702173
lossless,9.11,0.904144533799116,0.09585547892529532,1.0000000127244113
lossless,9.120000000000001,0.9099511739663374,0.09004883872670966,1.000000012693047
lossless,9.13,0.9155938391608578,0.08440617352601366,1.0000000126868716
lossless,9.14,0.921070272398475,0.07892974031319785,1.0000000127116728
lossless,9.15,0.9263782831650846,0.07362172959109188,1.0000000127561766
lossless,9.16,0.931515748326177,0.06848426449296889,1.000000012819146
lossless,9.17,0.9364806129616777,0.06351939993599416,1.0000000128976718
lossless,9.18,0.9412708911861901,0.05872912179946786,1.0000000129856579
lossless,9.19,0.945884666942419,0.05411534613051235,1.0000000130729314
lossless,9.200000000000001,0.9503200947665431,0.04967991837768912,1.0000000131442321
lossless,9.21,0.9545754005252098,0.04542461265285687,1.0000000131780666
lossless,9.22,0.9586488821323148,0.04135113102174062,1.0000000131540554
lossless,9.23,0.9625389102799506,0.037461102824176605,1.0000000131041273
lossless,9.24,0.9662439290159284,0.033756084020622155,1.0000000130365505
lossless,9.25,0.9697624563835123,0.030237556570227166,1.0000000129537394
lossless,9.26,0.9730930850224057,0.026906927838216143,1.000000012860622
lossless,9.27,0.9762344827322958,0.02376553003291448,1.0000000127652102
lossless,9.28,0.9791853930063993,0.020814619672821104,1.0000000126792203
lossless,9.290000000000001,0.9819446355347945,0.018055377083938458,1.000000012618733
lossless,9.3,0.9845111066760681,0.015488905927427698,1.0000000126034958
lossless,9.31,0.9868837798630934,0.013116232754545381,1.0000000126176387
lossless,9.32,0.9890617060486872,0.010938306600529779,1.000000012649217
lossless,9.33,0.9910440140920106,0.008955998605449555,1.0000000126974602
lossless,9.34,0.9928299110948919,0.00717010166453185,1.0000000127594237
lossless,9.35,0.994418682718276,0.005581330111148897,1.0000000128294249
lossless,9.36,0.9958096934671378,0.004190319431282263,1.00000001289842
lossless,9.370000000000001,0.9970023869437491,0.002997626009586766,1.000000012953336
lossless,9.38,0.997996286069179,0.0020037269071655006,1.0000000129763444
lossless,9.39,0.9987909933009158,0.0012090196730428443,1.0000000129739586
lossless,9.4,0.9993861907873772,0.0006138221827653731,1.0000000129701425
lossless,9.41,0.9997816404572942,0.00021837250839421,1.0000000129656885
lossless,9.42,0.9999771841362537,2.282882531238989e-05,1.000000012961566
lossless,9.43,0.9999727436101019,2.726934864540056e-05,1.0000000129587474
lossless,9.44,0.9997683206563531,0.00023169230156727796,1.0000000129579205
lossless,9.450000000000001,0.9993639970418322,0.0006360159163351998,1.0000000129581674
lossless,9.46,0.9987599344890843,0.0012400784686973996,1.0000000129577817
lossless,9.47,0.9979563746152629,0.002043638341499645,1.0000000129567626
lossless,9.48,0.9969536388337472,0.0030463741217246236,1.0000000129554718
lossless,9.49,0.9957521282254541,0.004247884729396624,1.0000000129548507
lossless,9.5,0.9943523233785371,0.00564768957662206,1.0000000129551592
lossless,9.51,0.9927547841959111,0.007245228759744125,1.0000000129556552
lossless,9.52,0.9909601496709387,0.009039863284397142,1.000000012955336
lossless,9.53,0.9889691376317253,0.011030875320407245,1.0000000129521325
lossless,9.540000000000001,0.9867825444540547,0.013217468488772307,1.000000012942827
lossless,9.55,0.984401244748126,0.015598768181540556,1.0000000129296664
lossless,9.56,0.9818261910045893,0.01817382191076404,1.0000000129153535
lossless,9.57,0.9790584132132927,0.02094159968928188,1.0000000129025746
lossless,9.58,0.976099018452714,0.02390099444303475,1.0000000128957487
lossless,9.59,0.9729491904460384,0.02705082245387674,1.0000000128999151
lossless,9.6,0.9696101890792118,0.030389823832446202,1.000000012911658
lossless,9.61,0.9660833499058251,0.033916663022759704,1.0000000129285849
lossless,9.620000000000001,0.9623700836102337,0.03762992933632245,1.000000012946556
lossless,9.63,0.9584718754414678,0.04152813751632973,1.0000000129577975
lossless,9.64,0.9543902846240033,0.04560972833164758,1.000000012955651
lossless,9.65,0.950126943746071,0.04987306920020309,1.000000012946274
lossless,9.66,0.9456835580888858,0.054316454842219634,1.0000000129311055
lossless,9.67,0.9410619049520794,0.05893810796208439,1.0000000129141637
lossless,9.68,0.9362638329447047,0.06373617995907892,1.0000000129037836
lossless,9.69,0.9312912612359926,0.06870875166770006,1.0000000129036926
lossless,9.700000000000001,0.9261461787841656,0.07385383412582645,1.000000012909992
lossless,9.71,0.920830643555381,0.07916936936904267,1.0000000129244238
lossless,9.72,0.915346781692998,0.08465323125463278,1.0000000129476307
lossless,9.73,0.9096967866661128,0.09030322631231551,1.0000000129784283
lossless,9.74,0.903882918390941,0.0961170946219993,1.0000000130129403
lossless,9.75,0.8979075023253817,0.10209251071821425,1.000000013043596
lossless,9.76,0.891772928548818,0.1082270845175042,1.0000000130663222
lossless,9.77,0.8854816508236292,0.11451836226881294,1.000000013092442
lossless,9.78,0.879036185576685,0.12096382754499165,1.0000000131216766
lossless,9.790000000000001,0.8724391109074281,0.12756090224506,1.000000013152488
lossless,9.8,0.8656930655578644,0.13430694762459075,1.0000000131824551
lossless,9.81,0.85880074785751,0.14119926535045332,1.0000000132079634
lossless,9.82,0.8517649146445835,0.1482350985792164,1.0000000132237998
lossless,9.83,0.8445883801617485,0.15541163306263753,1.000000013224386
lossless,9.84,0.8372740149213891,0.16272599829077025,1.0000000132121594
lossless,9.85,0.8298247445714665,0.17017526861599255,1.0000000131874591
lossless,9.86,0.8222435487216737,0.1777564644298722,1.0000000131515459
lossless,9.870000000000001,0.8145334597506438,0.18546655335750348,1.0000000131081472
lossless,9.88,0.8066975615931015,0.19330245147123812,1.0000000130643396
lossless,9.89,0.7987389885063687,0.20126102452522382,1.0000000130315925
lossless,9.9,0.7906609238164193,0.20933908920838015,1.0000000130247995
lossless,9.91,0.7824665986403303,0.21753341439392698,1.0000000130342572
lossless,9.92,0.774159290598422,0.22584072245718648,1.0000000130556086
lossless,9.93,0.7657423225028349,0.23425769058585266,1.0000000130886875
lossless,9.94,0.7572190610272651,0.2427809521035714,1.0000000131308364
lossless,9.950000000000001,0.7485929153600034,0.2514070978158979,1.0000000131759013
lossless,9.96,0.7398673358399271,0.26013267737311213,1.0000000132130393
lossless,9.97,0.7310458125761513,0.2689542006496145,1.0000000132257658
lossless,9.98,0.7221318740646014,0.27786813915781283,1.0000000132224143
lossless,9.99,0.7131290857675653,0.28687092744756765,1.000000013215133
lossless,10.0,0.7040410486814042,0.29595896452316073,1.000000013204565
lossless,10.01,0.6948713979014911,0.30512861529105334,1.0000000131925444
lossless,10.02,0.6856238011683616,0.314376212014154,1.0000000131825155
lossless,10.03,0.6763019574008119,0.3236980557792011,1.000000013180013
lossless,10.040000000000001,0.6669095952165325,0.33309041797667915,1.0000000131932116
lossless,10.05,0.6574504714348061,0.3425495417875231,1.0000000132223292
lossless,10.06,0.6479283695729185,0.35207164368488125,1.0000000132577997
lossless,10.07,0.6383470983424864,0.36165291495583934,1.0000000132983258
lossless,10.08,0.6287104901206368,0.371289523220737,1.0000000133413738
lossless,10.09,0.6190223994167231,0.38097761396603075,1.0000000133827538
lossless,10.1,0.6092867013301667,0.3907133120860117,1.0000000134161784
lossless,10.11,0.5995072900000207,0.4004927234327422,1.000000013432763
lossless,10.120000000000001,0.5896880770549153,0.410311936372923,1.0000000134278384
lossless,10.13,0.5798329900624465,0.42016702335109346,1.00000001341354
lossless,10.14,0.5699459709283573,0.4300540424628079,1.000000013391165
lossless,10.15,0.5600309743318835,0.43996903903011353,1.000000013361997
lossless,10.16,0.5500919661452877,0.44990804718293365,1.0000000133282212
lossless,10.17,0.5401329218480554,0.45986709144493515,1.0000000132929905
lossless,10.18,0.5301578249372789,0.46984218832317065,1.0000000132604496
lossless,10.19,0.5201706653302726,0.4798293479041117,1.0000000132343843
lossless,10.200000000000001,0.5101754377449664,0.4898245754668102,1.0000000132117766
lossless,10.21,0.5001761401369048,0.49982387305682435,1.0000000131937292
lossless,10.22,0.49017677209094,0.5098232410915904,1.0000000131825304
lossless,10.23,0.4801813332177529,0.5198186799630131,1.000000013180766
lossless,10.24,0.4701938215534086,0.5298061916380038,1.0000000131914124
lossless,10.25,0.4602182319594851,0.5397817812584945,1.0000000132179796
lossless,10.26,0.4502585545260503,0.5497414587383006,1.000000013264351
lossless,10.27,0.4403187730012275,0.5596812403272786,1.000000013328506
lossless,10.28,0.4304028631693172,0.5695971502373044,1.0000000134066216
lossless,10.290000000000001,0.4205147912600975,0.5794852222330168,1.0000000134931142
lossless,10.3,0.41065851236887235,0.5893415012096078,1.0000000135784801
lossless,10.31,0.4008379688746748,0.5991620447734857,1.0000000136481604
lossless,10.32,0.3910570888635942,0.6089429248176192,1.0000000136812135
lossless,10.33,0.3813197845578223,0.6186802290913301,1.0000000136491525
lossless,10.34,0.37162995075021427,0.6283700628112185,1.0000000135614329
lossless,10.35,0.3619914632471929,0.6380085501928631,1.000000013440056
lossless,10.36,0.35240817731923846,0.6475918359722964,1.000000013291535
lossless,10.370000000000001,0.34288392615868474,0.6571160869703703,1.000000013129055
lossless,10.38,0.3334225193467443,0.6665774936275685,1.0000000129743127
lossless,10.39,0.3240277413299586,0.6759722715296325,1.0000000128595912
lossless,10.4,0.3147033499067151,0.6852966629233779,1.000000012830093
lossless,10.41,0.3054530747105945,0.6945469381847914,1.0000000128953859
lossless,10.42,0.2962806157138772,0.7037193972958347,1.000000013009712
lossless,10.43,0.2871896417739409,0.7128103713952029,1.0000000131691438
lossless,10.44,0.27818378915191233,0.7218162242103007,1.0000000133622131
lossless,10.450000000000001,0.26926666005734307,0.7307333535095969,1.00000001356694
lossless,10.46,0.26044182120661985,0.7395581925414262,1.000000013748046
lossless,10.47,0.25171280239553373,0.74828721145829,1.0000000138538239
lossless,10.48,0.2430830951020278,0.7569169187483761,1.000000013850404
lossless,10.49,0.2345561511222285,0.7654438626812272,1.0000000138034557
lossless,10.5,0.2261353811239631,0.7738646325949646,1.0000000137189278
lossless,10.51,0.21782415330776445,0.7821758602949288,1.0000000136026932
lossless,10.52,0.20962579206289883,0.7903742214055276,1.0000000134684264
lossless,10.53,0.20154357663845368,0.798456436701224,1.0000000133396778
lossless,10.540000000000001,0.1935807398324862,0.8064192734196646,1.0000000132521507
lossless,10.55,0.18574046669260127,0.8142595465499032,1.0000000132425044
lossless,10.56,0.17802589319832604,0.8219741200658337,1.0000000132641598
lossless,10.57,0.17044010506988946,0.8295599082361895,1.000000013306079
lossless,10.58,0.16298613651951144,0.8370138768470131,1.0000000133665246
lossless,10.59,0.15566696903056543,0.8443330444088663,1.0000000134394318
lossless,10.6,0.148485530164425,0.8515144833487118,1.0000000135131368
lossless,10.61,0.14144469238888152,0.858555321180101,1.0000000135689826
lossless,10.620000000000001,0.13454727193022561,0.8654527416522587,1.0000000135824842
lossless,10.63,0.12779602767874434,0.8722039858978191,1.0000000135765634
lossless,10.64,0.12119366005079732,0.8788063535147955,1.0000000135655929
lossless,10.65,0.11474280990600498,0.8852572036440542,1.0000000135500593
lossless,10.66,0.10844605750011896,0.8915539560313739,1.0000000135314928
lossless,10.67,0.10230592145319296,0.897694092059495,1.000000013512688
lossless,10.68,0.09632485774239521,0.903675155755509,1.0000000134979043
lossless,10.69,0.09050525871981105,0.9094947547731828,1.0000000134929938
lossless,10.700000000000001,0.08484945214439651,0.9151505613507467,1.0000000134951432
lossless,10.71,0.07935970025740595,0.9206403132415348,1.0000000134989409
lossless,10.72,0.07403819888620286,0.9259618146181285,1.0000000135043314
lossless,10.73,0.06888707655983153,0.9311129369510971,1.0000000135109286
lossless,10.74,0.06390839365756203,0.9360916198603468,1.0000000135179088
lossless,10.75,0.05910414158470396,0.9408958719391974,1.0000000135239013
lossless,10.76,0.054476241976023604,0.9455237715508458,1.0000000135268694
lossless,10.77,0.050026545929564584,0.9499734675972014,1.000000013526766
lossless,10.78,0.04575683326731885,0.954243180259388,1.0000000135267069
lossless,10.790000000000001,0.04166881181756106,0.9583312017088619,1.0000000135264229
lossless,10.8,0.03776411673453745,0.9622358967906751,1.0000000135252125
lossless,10.81,0.03404430984447993,0.9659557036773486,1.0000000135218285
lossless,10.82,0.030510879020899856,0.9694891344933609,1.0000000135142608
lossless,10.83,0.02716523758945176,0.9728347759100222,1.000000013499474
lossless,10.84,0.024008723762327953,0.9759912897131666,1.0000000134754945
lossless,10.85,0.021042600102325167,0.9789574133455932,1.0000000134479183
lossless,10.86,0.01826805301927012,0.9817319603992795,1.0000000134185496
lossless,10.870000000000001,0.015686192294935074,0.9843138210943699,1.000000013389305
lossless,10.88,0.013298050639074212,0.9867019627237854,1.0000000133628597
lossless,10.89,0.01110458327635392,0.9888954300664119,1.0000000133427658
lossless,10.9,0.009106667564286531,0.9908933457692926,1.0000000133335791
lossless,10.91,0.007305102642356295,0.9926949106975568,1.0000000133399132
lossless,10.92,0.005700609112658025,0.9942994042455128,1.0000000133581708
lossless,10.93,0.004293828751192245,0.9957061846355161,1.0000000133867084
lossless,10.94,0.0030853242512853918,0.996914689172412,1.0000000134236975
lossless,10.950000000000001,0.0020755789985875215,0.9979244344667437,1.0000000134653313
lossless,10.96,0.0012649968777394955,0.9987350166275152,1.0000000135052547
lossless,10.97,0.0006539021108409671,0.9993461114230688,1.0000000135339098
lossless,10.98,0.00024253912779032745,0.9997574744109101,1.0000000135387004
lossless,10.99,3.107246855785666e-05,0.9999689410593615,1.0000000135279195
lossless,11.0,1.9586717186122463e-05,0.9999804267913049,1.000000013508491
lossless,11.01,0.00020808646796048784,0.9997919270133758,1.0000000134813363
lossless,11.02,0.0005964963235640389,0.9994035171254015,1.0000000134489655
lossless,11.03,0.0011846609251821823,0.9988153524907127,1.0000000134158948
lossless,11.040000000000001,0.001972345014576662,0.9980276683745221,1.0000000133890987
lossless,11.05,0.0029592335281018517,0.9970407798503794,1.0000000133784812
lossless,11.06,0.00414493172318111,0.9958550816594007,1.000000013382582
lossless,11.07,0.005528965336332403,0.9944710480572845,1.0000000133936169
lossless,11.08,0.007110780772384648,0.9928892326391494,1.000000013411534
lossless,11.09,0.008889745326202092,0.9911102681088083,1.0000000134350104
lossless,11.1,0.010865147435855878,0.989134866025149,1.000000013461005
lossless,11.11,0.013036196967365283,0.9869638165168885,1.0000000134842537
lossless,11.120000000000001,0.015402025530899005,0.9845979879657996,1.0000000134966986
lossless,11.13,0.01796168682728681,0.9820383266688386,1.0000000134961253
lossless,11.14,0.020714157025322037,0.9792858564685556,1.0000000134938776
lossless,11.15,0.02365833517375975,0.9763416783166451,1.0000000134904048
lossless,11.16,0.026793043640629295,0.9732069698454378,1.0000000134860672
lossless,11.17,0.030117028584138512,0.9698829848973503,1.0000000134814888
lossless,11.18,0.033628960454066756,0.9663710530234945,1.0000000134775613
lossless,11.19,0.03732743452340798,0.9626725789520117,1.0000000134754197
lossless,11.200000000000001,0.04121097145075241,0.9587890420251719,1.0000000134759244
lossless,11.21,0.045278017874420845,0.9547219956038769,1.0000000134782978
lossless,11.22,0.04952694703019857,0.9504730664526644,1.000000013482863
lossless,11.23,0.0539560594030999,0.946043954086902,1.000000013490002
lossless,11.24,0.05856358340742258,0.9414364300925042,1.0000000134999267
lossless,11.25,0.0633476760954411,0.9366523374171474,1.0000000135125884
lossless,11.26,0.06830642389466356,0.9316935896329053,1.0000000135275688
lossless,11.27,0.07343784337312372,0.926562170171085,1.0000000135442086
lossless,11.28,0.07873988203054408,0.9212601315331578,1.000000013563702
lossless,11.290000000000001,0.08421041912179372,0.9157895944640908,1.0000000135858844
lossless,11.3,0.08984726650487451,0.9101527471046355,1.00000001360951
lossless,11.31,0.0956481695157244,0.9043518441167343,1.0000000136324587
lossless,11.32,0.10161080786997902,0.8983892057814902,1.0000000136514693
lossless,11.33,0.1077327965909694,0.8922672170708542,1.0000000136618237
lossless,11.34,0.1140116869636315,0.8859883266936716,1.000000013657303
lossless,11.35,0.12044496751595592,0.8795550461259607,1.0000000136419167
lossless,11.36,0.12703006502200628,0.8729699485980708,1.000000013620077
lossless,11.370000000000001,0.1337643455305417,0.8662356680625993,1.000000013593141
lossless,11.38,0.14064511541925467,0.859354898144303,1.0000000135635576
lossless,11.39,0.14766962247224852,0.8523303910628555,1.000000013535104
lossless,11.4,0.15483505698094938,0.8451649565321826,1.000000013513132
lossless,11.41,0.1621385528680306,0.837861460636801,1.0000000135048317
lossless,11.42,0.16957718883280706,0.8304228246778486,1.0000000135106557
lossless,11.43,0.1771479895198128,0.8228520240057745,1.0000000135255873
lossless,11.44,0.18484792671018235,0.8151520868392365,1.000000013549419
lossless,11.450000000000001,0.19267392053218166,0.8073260930482464,1.0000000135804281
lossless,11.46,0.20062284069306885,0.7993771729217982,1.000000013614867
lossless,11.47,0.20869150773112358,0.7913085059152497,1.0000000136463734
lossless,11.48,0.21687669428731338,0.7831233193779875,1.000000013665301
lossless,11.49,0.22517512639617077,0.7748248872713235,1.0000000136674942
lossless,11.5,0.23358348479531665,0.7664165288699845,1.0000000136653011
lossless,11.51,0.24209840625281576,0.7579016074060227,1.0000000136588385
lossless,11.52,0.2507164849123587,0.749283528735762,1.0000000136481206
lossless,11.53,0.2594342736553955,0.7405657399783369,1.0000000136337324
lossless,11.540000000000001,0.2682482854797425,0.7317517281372065,1.000000013616949
lossless,11.55,0.27715499489410333,0.7228450187057447,1.000000013599848
lossless,11.56,0.28615083932986407,0.7138491742544203,1.0000000135842844
lossless,11.57,0.2952322205737095,0.7047677929941648,1.0000000135678744
lossless,11.58,0.30439550619561717,0.6956045073557836,1.000000013551401
lossless,11.59,0.31363703100531126,0.6863629825313171,1.0000000135366283
lossless,11.6,0.32295309851946363,0.6770469150064501,1.0000000135259137
lossless,11.61,0.33233998244069485,0.6676600310816293,1.0000000135223241
lossless,11.620000000000001,0.34179392814857185,0.658206085381206,1.0000000135297777
lossless,11.63,0.35131115420040254,0.6486888593522198,1.0000000135526224
lossless,11.64,0.36088785382575517,0.6391121597628525,1.0000000135886076
lossless,11.65,0.37052019646915296,0.6294798171662651,1.0000000136354181
lossless,11.66,0.38020432932045845,0.619795684369422,1.0000000136898803
lossless,11.67,0.3899363788517091,0.6100636348942499,1.000000013745959
lossless,11.68,0.39971245236564823,0.6002875614282203,1.0000000137938685
lossless,11.69,0.4095286395517791,0.5904713742672549,1.000000013819034
lossless,11.700000000000001,0.419381014049826,0.5806189997517203,1.0000000138015461
lossless,11.71,0.42926563504764537,0.570734378703468,1.0000000137511134
lossless,11.72,0.43917854883768687,0.5608214648439064,1.0000000136815932
lossless,11.73,0.44911579038705046,0.5508842232097448,1.0000000135967952
lossless,11.74,0.45907338493437977,0.5409266285701233,1.000000013504503
lossless,11.75,0.4690473495805554,0.5309526638370411,1.0000000134175964
lossless,11.76,0.47903369488278164,0.5209663184725383,1.00000001335532
lossless,11.77,0.4890284264514448,0.5109715868932669,1.0000000133447118
lossless,11.78,0.499027546529252,0.5009724668580923,1.0000000133873443
lossless,11.790000000000001,0.5090270555889976,0.4909729578687969,1.0000000134577944
lossless,11.8,0.5190229539618785,0.48097705959177534,1.0000000135536538
lossless,11.81,0.5290112434219499,0.47098877024584945,1.0000000136677993
lossless,11.82,0.5389879287846495,0.46101208500223534,1.000000013786885
lossless,11.83,0.5489490195040054,0.4510509943856747,1.00000001388968
lossless,11.84,0.5588905312678424,0.4411094826773663,1.0000000139452088
lossless,11.85,0.5688084875988163,0.43119152633874425,1.0000000139375604
lossless,11.86,0.5786989214579766,0.4213010924485181,1.0000000139064946
lossless,11.870000000000001,0.5885578768024661,0.411442137052565,1.0000000138550311
lossless,11.88,0.5983814101791035,0.4016186036080361,1.0000000137871397
lossless,11.89,0.6081655923024338,0.3918344214085983,1.000000013711032
lossless,11.9,0.6179065096263656,0.38209350401379377,1.0000000136401594
lossless,11.91,0.6276002659095292,0.3723997476847416,1.0000000135942708
lossless,11.92,0.6372429837748772,0.3627570298162012,1.0000000135910785
lossless,11.93,0.6468308062662793,0.3531692073369164,1.0000000136031957
lossless,11.94,0.6563598983835771,0.34364011524191745,1.0000000136254945
lossless,11.950000000000001,0.6658264486190227,0.3341735650375706,1.0000000136565934
lossless,11.96,0.6752266704829814,0.32477334321001533,1.0000000136929967
lossless,11.97,0.6845568040190606,0.3154432097095706,1.0000000137286311
lossless,11.98,0.6938131173086797,0.30618689644570785,1.0000000137543874
lossless,11.99,0.7029919079628196,0.29700810579684783,1.0000000137596674
lossless,12.0,0.7120895045795536,0.2879105091794512,1.0000000137590048
strong_coupling,0.0,1.0,0.0,1.0
strong_coupling,0.01,0.999400203289648,9.987174343488946e-05,1.0
strong_coupling,0.02,0.9986011525973679,0.00039894811702228443,1.0
strong_coupling,0.03,0.9976034162422034,0.0008963627342368479,1.0
strong_coupling,0.04,0.9964076409996513,0.0015911722571511774,1.0
strong_coupling,0.05,0.9950145516473765,0.0024823569669420262,1.0
strong_coupling,0.06,0.9934249504885553,0.0035688213529676254,0.9999999999999999
strong_coupling,0.07,0.9916397168312819,0.004849394745178215,0.9999999999999999
strong_coupling,0.08,0.9896598064501471,0.006322831964343263,1.0
strong_coupling,0.09,0.9874862510000965,0.007987814018020192,1.0
strong_coupling,0.1,0.9851201574341105,0.009842948792739155,1.0
strong_coupling,0.11,0.9825627073468663,0.011886771817453323,1.0
strong_coupling,0.12,0.9798151563312705,0.0141177470143872,0.9999999999999999
strong_coupling,0.13,0.9768788332914763,0.01653426749176208,1.0
strong_coupling,0.14,0.9737551397167974,0.019134656373630526,0.9999999999999999
strong_coupling,0.15,0.9704455489362085,0.021917167648441503,1.0
strong_coupling,0.16,0.9669516053603834,0.024879987029283623,0.9999999999999999
strong_coupling,0.17,0.9632749236835033,0.028021232851728528,0.9999999999999999
strong_coupling,0.18,0.9594171880555666,0.03133895700096118,0.9999999999999999
strong_coupling,0.19,0.955380151236292,0.03483114585512062,0.9999999999999998
strong_coupling,0.2,0.9511656337257353,0.03849572125025342,1.0
strong_coupling,0.21,0.9467755228565203,0.04233054148340382,0.9999999999999998
strong_coupling,0.22,0.9422117718788329,0.04633340231967807,0.9999999999999998
strong_coupling,0.23,0.9374763990116122,0.05050203803245772,0.9999999999999997
strong_coupling,0.24,0.9325714864635873,0.05483412247279946,0.9999999999999998
strong_coupling,0.25,0.9274991794538313,0.059327270135780256,0.9999999999999998
strong_coupling,0.26,0.9222616851848793,0.06397903727448374,0.9999999999999997
strong_coupling,0.27,0.9168612718005578,0.06878692302703332,0.9999999999999998
strong_coupling,0.28,0.9113002673394937,0.07374837054484987,0.9999999999999999
strong_coupling,0.29,0.9055810586367914,0.07886076817329404,0.9999999999999998
strong_coupling,0.3,0.8997060902261425,0.08412145062851195,0.9999999999999998
strong_coupling,0.31,0.8936778632275266,0.08952770018648587,0.9999999999999998
strong_coupling,0.32,0.8874989341847265,0.09507674792237414,0.9999999999999998
strong_coupling,0.33,0.8811719139146623,0.1007657749342395,0.9999999999999998
strong_coupling,0.34,0.8746994663286747,0.10659191359347592,0.9999999999999998
strong_coupling,0.35000000000000003,0.8680843072245621,0.11255224882315255,0.9999999999999998
strong_coupling,0.36,0.8613292030716627,0.11864381938074703,0.9999999999999998
strong_coupling,0.37,0.8544369697762396,0.12486361915874676,0.9999999999999998
strong_coupling,0.38,0.8474104714316522,0.13120859849841923,0.9999999999999998
strong_coupling,0.39,0.8402526190478785,0.13767566552227845,0.9999999999999998
strong_coupling,0.4,0.8329663692683674,0.14426168747709345,0.9999999999999998
strong_coupling,0.41000000000000003,0.8255547230713949,0.15096349209037568,0.9999999999999998
strong_coupling,0.42,0.8180207244629416,0.15777786893417825,0.9999999999999997
strong_coupling,0.43,0.8103674591457222,0.1647015708091721,0.9999999999999998
strong_coupling,0.44,0.802598053178495,0.1717313151368725,0.9999999999999998
strong_coupling,0.45,0.7947156716241671,0.17886378536117925,0.9999999999999998
strong_coupling,0.46,0.7867235171819764,0.18609563236363103,0.9999999999999997
strong_coupling,0.47000000000000003,0.7786248288087673,0.19342347588735637,0.9999999999999996
strong_coupling,0.48,0.7704228803331895,0.2008439059657487,0.9999999999999996
strong_coupling,0.49,0.7621209790542606,0.20835348436474146,0.9999999999999997
strong_coupling,0.5,0.7537224643348519,0.21594874602809044,0.9999999999999997
strong_coupling,0.51,0.7452307062003699,0.22362620051605137,0.9999999999999996
strong_coupling,0.52,0.7366491038940867,0.23138233348322218,0.9999999999999996
strong_coupling,0.53,0.7279810844476114,0.23921360814029363,0.9999999999999996
strong_coupling,0.54,0.7192301012406902,0.247116466724083,0.9999999999999998
strong_coupling,0.55,0.7103996325401759,0.25508733198760436,0.9999999999999997
strong_coupling,0.56,0.7014931800496853,0.26312260867510606,0.9999999999999997
strong_coupling,0.5700000000000001,0.6925142674512326,0.2712186850031121,0.9999999999999997
strong_coupling,0.58,0.6834664389338457,0.2793719341531269,0.9999999999999997
strong_coupling,0.59,0.6743532577288437,0.2875787157547537,0.9999999999999998
strong_coupling,0.6,0.6651783046455099,0.2958353773659764,0.9999999999999998
strong_coupling,0.61,0.6559451765741411,0.304138255984729,0.9999999999999998
strong_coupling,0.62,0.6466574850125801,0.3124836795337916,0.9999999999999998
strong_coupling,0.63,0.6373188545838301,0.32086796835298725,0.9999999999999998
strong_coupling,0.64,0.6279329215507866,0.3292874366957207,0.9999999999999998
strong_coupling,0.65,0.6185033323326805,0.33773839421426494,0.9999999999999998
strong_coupling,0.66,0.609033742019961,0.34621714744837806,0.9999999999999998
strong_coupling,0.67,0.5995278128894523,0.3547200013115669,0.9999999999999999
strong_coupling,0.68,0.5899892129011804,0.36324326059092116,0.9999999999999999
strong_coupling,0.6900000000000001,0.5804216142147955,0.37178323142707875,0.9999999999999998
strong_coupling,0.7000000000000001,0.5708286917185424,0.38033622278054696,0.9999999999999998
strong_coupling,0.71,0.5612141215390167,0.3888985479126655,0.9999999999999998
strong_coupling,0.72,0.55158157958022,0.39746652583707043,1.0
strong_coupling,0.73,0.5419347401046803,0.40603648272945025,1.0
strong_coupling,0.74,0.53227727420307,0.41460475343859965,1.0
strong_coupling,0.75,0.5226128483597138,0.4231676829055414,1.0
strong_coupling,0.76,0.5129451230005623,0.4317216275967933,0.9999999999999998
strong_coupling,0.77,0.5032777509402704,0.44026295703640644,0.9999999999999998
strong_coupling,0.78,0.4936143760070767,0.4487880551577893,0.9999999999999999
strong_coupling,0.79,0.48395863160919556,0.4572933217120048,0.9999999999999998
strong_coupling,0.8,0.4743141392756407,0.46577517369957655,0.9999999999999999
strong_coupling,0.81,0.4646845073012383,0.47423004669477054,0.9999999999999999
strong_coupling,0.8200000000000001,0.45507332937633715,0.48265439618341227,1.0
strong_coupling,0.8300000000000001,0.4454841830816477,0.4910446990356188,1.0
strong_coupling,0.84,0.43592062855317915,0.4993974548039046,1.0
strong_coupling,0.85,0.42638620708789843,0.5077091870805046,0.9999999999999999
strong_coupling,0.86,0.4168844396519967,0.515976444955866,0.9999999999999999
strong_coupling,0.87,0.4074188256522638,0.5241958041986884,1.0
strong_coupling,0.88,0.397992841552848,0.5323638685974917,1.0
strong_coupling,0.89,0.38860993952322476,0.5404772712680417,1.0
strong_coupling,0.9,0.37927354618439224,0.5485326758555008,0.9999999999999999
strong_coupling,0.91,0.36998706126798847,0.5565267778278927,1.0
strong_coupling,0.92,0.360753856295952,0.564456305746737,1.0
strong_coupling,0.93,0.3515772733249154,0.5723180224680212,0.9999999999999999
strong_coupling,0.9400000000000001,0.34246062366586866,0.5801087263693271,0.9999999999999999
strong_coupling,0.9500000000000001,0.33340718660537744,0.5878252525750315,0.9999999999999999
strong_coupling,0.96,0.32442020822275164,0.5954644740758188,0.9999999999999998
strong_coupling,0.97,0.3155029001540756,0.6030233029065803,0.9999999999999999
strong_coupling,0.98,0.3066584383901103,0.6104986912867946,1.0
strong_coupling,0.99,0.2978899620874466,0.6178876327441801,1.0
strong_coupling,1.0,0.2892005724061757,0.6251871632134592,1.0
strong_coupling,1.01,0.28059333136094045,0.6323943621183281,1.0
strong_coupling,1.02,0.2720712606902659,0.639506353433391,0.9999999999999999
strong_coupling,1.03,0.26363734076921536,0.6465203067044833,1.0
strong_coupling,1.04,0.2552945095211688,0.6534334380655891,1.0
strong_coupling,1.05,0.24704566133405756,0.660243011247679,1.0
strong_coupling,1.06,0.23889364602593025,0.6669463385404604,1.0
strong_coupling,1.07,0.230841267794882,0.6735407817662658,1.0
strong_coupling,1.08,0.22289128412844292,0.680023753291088,0.9999999999999999
strong_coupling,1.09,0.21504640491355848,0.6863927168395131,1.0
strong_coupling,1.1,0.20730929143127932,0.6926451884191386,0.9999999999999999
strong_coupling,1.11,0.19968255540397833,0.698778737192132,0.9999999999999999
strong_coupling,1.12,0.1921687581761088,0.7047909862152034,1.0
strong_coupling,1.1300000000000001,0.18477040974652842,0.7106796133217813,0.9999999999999999
strong_coupling,1.1400000000000001,0.17748996788461655,0.716442351920926,0.9999999999999999
strong_coupling,1.1500000000000001,0.17032983730828916,0.7220769917342552,1.0
strong_coupling,1.16,0.1632923687912847,0.7275813796023648,1.0
strong_coupling,1.17,0.1563798583100814,0.7329534202504824,1.0
strong_coupling,1.18,0.14959454637170333,0.7381910768713386,1.0
strong_coupling,1.19,0.14293861720030349,0.7432923718492227,1.0
strong_coupling,1.2,0.13641419800810284,0.7482553873982339,1.0
strong_coupling,1.21,0.13002335835447554,0.7530782661103134,1.0
strong_coupling,1.22,0.12376810938770616,0.7577592116223162,1.0
strong_coupling,1.23,0.11765040320454044,0.7622964891627535,1.0
strong_coupling,1.24,0.1116721322267329,0.7666884260808992,0.9999999999999999
strong_coupling,1.25,0.1058351285464676,0.770933412408236,1.0
strong_coupling,1.26,0.10014116336387133,0.775029901324694,0.9999999999999998
strong_coupling,1.27,0.09459194645096582,0.7789764095977719,0.9999999999999999
strong_coupling,1.28,0.08918912560560756,0.7827715180323647,0.9999999999999999
strong_coupling,1.29,0.0839342861481644,0.78641387187654,0.9999999999999999
strong_coupling,1.3,0.07882895044694109,0.789902181197825,0.9999999999999998
strong_coupling,1.31,0.07387457745996169,0.79323522124355,0.9999999999999998
strong_coupling,1.32,0.0690725623128113,0.7964118327638624,0.9999999999999999
strong_coupling,1.33,0.0644242358995268,0.7994309223115322,0.9999999999999998
strong_coupling,1.34,0.059930864491757295,0.8022914625338889,0.9999999999999999
strong_coupling,1.35,0.05559364941039735,0.8049924924004859,0.9999999999999998
strong_coupling,1.36,0.0514137267065743,0.8075331174218581,0.9999999999999998
strong_coupling,1.37,0.04739216686811369,0.8099125098426253,0.9999999999999999
strong_coupling,1.3800000000000001,0.0435299745450767,0.8121299088146862,0.9999999999999999
strong_coupling,1.3900000000000001,0.039828088311641224,0.814184620534309,0.9999999999999999
strong_coupling,1.4000000000000001,0.036287380464446066,0.8160760183430376,0.9999999999999999
strong_coupling,1.41,0.032908656834487064,0.8178035428142713,0.9999999999999998
strong_coupling,1.42,0.029692656630938424,0.8193667018084603,0.9999999999999998
strong_coupling,1.43,0.026640052312515313,0.8207650705017192,0.9999999999999998
strong_coupling,1.44,0.023751449486745273,0.821998291383847,0.9999999999999998
strong_coupling,1.45,0.02102738683691984,0.8230660742307715,0.9999999999999998
strong_coupling,1.46,0.01846833607505318,0.8239681960506832,0.9999999999999997
strong_coupling,1.47,0.016074701884040928,0.8247045010396201,0.9999999999999997
strong_coupling,1.48,0.013846821946486065,0.8252749004528279,0.9999999999999997
strong_coupling,1.49,0.011784966981814655,0.8256793724673486,0.9999999999999997
strong_coupling,1.5,0.009889340795672129,0.8259179620320368,0.9999999999999998
strong_coupling,1.51,0.008160080376606852,0.8259907806712724,0.9999999999999997
strong_coupling,1.52,0.0065972560186370165,0.8258980062630966,0.9999999999999997
strong_coupling,1.53,0.005200871441024261,0.8256398828195936,0.9999999999999997
strong_coupling,1.54,0.003970863965781388,0.825216720210916,0.9999999999999997
strong_coupling,1.55,0.0029071047050214806,0.8246288938796511,0.9999999999999997
strong_coupling,1.56,0.0020093987299626575,0.8238768445739094,0.9999999999999998
strong_coupling,1.57,0.0012774853642762904,0.8229610779569143,0.9999999999999998
strong_coupling,1.58,0.0007110384416565733,0.8218821642527784,0.9999999999999996
strong_coupling,1.59,0.00030966660459788174,0.820640737851384,0.9999999999999996
strong_coupling,1.6,7.29136236836497e-05,0.8192374968937147,0.9999999999999997
strong_coupling,1.61,2.587373579635123e-07,0.8176732028375596,0.9999999999999996
strong_coupling,1.62,9.111702287042467e-05,0.8159486799924802,0.9999999999999997
strong_coupling,1.6300000000000001,0.000344839778482957,0.8140648150443862,0.9999999999999996
strong_coupling,1.6400000000000001,0.0007607149560166364,0.8120225565305556,0.9999999999999996
strong_coupling,1.6500000000000001,0.0013379676003722678,0.8098229143085303,0.9999999999999996
strong_coupling,1.6600000000000001,0.002075760316175461,0.8074669589985601,0.9999999999999996
strong_coupling,1.67,0.0029731937592289846,0.8049558214023889,0.9999999999999997
strong_coupling,1.68,0.004029307151815849,0.8022906918990976,0.9999999999999997
strong_coupling,1.69,0.00524307881947465,0.7994728198203308,0.9999999999999996
strong_coupling,1.7,0.006613426749318803,0.7965035128049892,0.9999999999999994
strong_coupling,1.71,0.008139209178072536,0.7933841361253666,0.9999999999999996
strong_coupling,1.72,0.009819225197099258,0.7901161119972552,0.9999999999999994
strong_coupling,1.73,0.011652215378004215,0.7867009188703907,0.9999999999999996
strong_coupling,1.74,0.01363686242495716,0.783140090693633,0.9999999999999994
strong_coupling,1.75,0.015771791846742975,0.779435216161445,0.9999999999999994
strong_coupling,1.76,0.018055572649080226,0.7755879379412645,0.9999999999999994
strong_coupling,1.77,0.02048671804858097,0.7715999518804879,0.9999999999999994
strong_coupling,1.78,0.023063686208537104,0.7674730061928928,0.9999999999999994
strong_coupling,1.79,0.02578488099318718,0.7632089006278031,0.9999999999999996
strong_coupling,1.8,0.028648652737732185,0.758809485624522,0.9999999999999994
strong_coupling,1.81,0.03165329904651965,0.7542766614404857,0.9999999999999996
strong_coupling,1.82,0.034797065605408406,0.749612377266268,0.9999999999999996
strong_coupling,1.83,0.03807814701430614,0.7448186303217427,0.9999999999999996
strong_coupling,1.84,0.04149468763784255,0.7398974649356168,0.9999999999999996
strong_coupling,1.85,0.04504478247408515,0.7348509716083856,0.9999999999999996
strong_coupling,1.86,0.048726478039767096,0.7296812860601479,0.9999999999999996
strong_coupling,1.87,0.05253777326871504,0.7243905882666668,0.9999999999999996
strong_coupling,1.8800000000000001,0.05647662043702526,0.7189811014703572,0.9999999999999996
strong_coupling,1.8900000000000001,0.06054092609761107,0.7134550911833286,0.9999999999999996
strong_coupling,1.9000000000000001,0.06472855203215955,0.7078148641746098,0.9999999999999996
strong_coupling,1.9100000000000001,0.06903731621891727,0.7020627674430703,0.9999999999999996
strong_coupling,1.92,0.07346499381680835,0.6962011871745144,0.9999999999999997
strong_coupling,1.93,0.07800931816260026,0.6902325476891988,0.9999999999999996
strong_coupling,1.94,0.08266798178329955,0.6841593103750129,0.9999999999999996
strong_coupling,1.95,0.08743863742297801,0.6779839726075655,0.9999999999999996
strong_coupling,1.96,0.09231889908314164,0.6717090666586019,0.9999999999999996
strong_coupling,1.97,0.09730634306903863,0.6653371585999713,0.9999999999999996
strong_coupling,1.98,0.10239850905063251,0.6588708471946939,0.9999999999999996
strong_coupling,1.99,0.10759290115245865,0.6523127627613377,0.9999999999999996
strong_coupling,2.0,0.1128869890372713,0.6456655660458566,0.9999999999999996
strong_coupling,2.0100000000000002,0.1182782090064605,0.6389319470785818,0.9999999999999996
strong_coupling,2.02,0.12376396510790748,0.6321146240251603,0.9999999999999996
strong_coupling,2.0300000000000002,0.1293416302334895,0.6252163420472681,0.9999999999999996
strong_coupling,2.04,0.1350085472747083,0.6182398721125216,0.9999999999999996
strong_coupling,2.05,0.14076203025668055,0.611188009824299,0.9999999999999996
strong_coupling,2.06,0.14659936548263866,0.6040635742430673,0.9999999999999997
strong_coupling,2.07,0.15251781268944842,0.5968694066988293,0.9999999999999998
strong_coupling,2.08,0.15851460621687605,0.5896083695907537,0.9999999999999998
strong_coupling,2.09,0.16458695617739316,0.5822833451892014,0.9999999999999997
strong_coupling,2.1,0.17073204963038666,0.5748972344356252,0.9999999999999997
strong_coupling,2.11,0.17694705176988107,0.5674529557297648,0.9999999999999997
strong_coupling,2.12,0.18322910711598558,0.5599534437153956,0.9999999999999998
strong_coupling,2.13,0.18957534070463986,0.5524016480685277,0.9999999999999998
strong_coupling,2.14,0.1959828592665263,0.5448005322958535,0.9999999999999998
strong_coupling,2.15,0.20244875246373945,0.5371530724856006,0.9999999999999998
strong_coupling,2.16,0.20897009408818884,0.5294622560919681,0.9999999999999998
strong_coupling,2.17,0.2155439432717674,0.5217310807109798,0.9999999999999998
strong_coupling,2.18,0.22216734570054736,0.5139625528543568,0.9999999999999998
strong_coupling,2.19,0.22883733482174187,0.5061596867306187,0.9999999999999998
strong_coupling,2.2,0.23555093306865582,0.49832550301326095,0.9999999999999998
strong_coupling,2.21,0.24230515308232348,0.4904630276132186,0.9999999999999998
strong_coupling,2.22,0.24909699892904522,0.48257529045635594,0.9999999999999998
strong_coupling,2.23,0.2559234673207168,0.47466532426054947,0.9999999999999998
strong_coupling,2.24,0.2627815488419637,0.46673616330637024,0.9999999999999998
strong_coupling,2.25,0.2696682291788801,0.4587908422075861,0.9999999999999998
strong_coupling,2.2600000000000002,0.2765804903219306,0.4508323947147334,0.9999999999999998
strong_coupling,2.27,0.2835153117915131,0.4428638524927197,0.9999999999999998
strong_coupling,2.2800000000000002,0.2904696718551603,0.43488824391006026,0.9999999999999998
strong_coupling,2.29,0.29744054873960807,0.4269085928349281,1.0
strong_coupling,2.3000000000000003,0.30442492181565445,0.4189279174580682,1.0
strong_coupling,2.31,0.3114197728302339,0.41094922907494535,0.9999999999999999
strong_coupling,2.32,0.3184220871063305,0.40297553089934857,1.0
strong_coupling,2.33,0.32542885473575917,0.3950098168857402,0.9999999999999999
strong_coupling,2.34,0.33243707177073745,0.38705507055500893,0.9999999999999998
strong_coupling,2.35,0.33944374142523687,0.3791142638088468,0.9999999999999998
strong_coupling,2.36,0.34644587525802073,0.37119035576692944,0.9999999999999998
strong_coupling,2.37,0.35344049432942287,0.36328629163648407,0.9999999999999999
strong_coupling,2.38,0.36042463037921135,0.35540500155634414,1.0
strong_coupling,2.39,0.3673953269880729,0.34754939946110636,0.9999999999999998
strong_coupling,2.4,0.3743496407322767,0.3397223819540423,0.9999999999999998
strong_coupling,2.41,0.38128464233372006,0.3319268271871599,0.9999999999999998
strong_coupling,2.42,0.3881974177915942,0.3241655937591428,0.9999999999999998
strong_coupling,2.43,0.3950850695118596,0.3164415196187708,0.9999999999999998
strong_coupling,2.44,0.40194471742618537,0.3087574209803669,0.9999999999999998
strong_coupling,2.45,0.40877350010058666,0.30111609125105526,1.0
strong_coupling,2.46,0.4155685758434621,0.29352029995395096,0.9999999999999998
strong_coupling,2.47,0.4223271237885969,0.2859727916870523,0.9999999999999998
strong_coupling,2.48,0.4290463449672,0.2784762850944503,0.9999999999999999
strong_coupling,2.49,0.4357234633763459,0.2710334718374617,0.9999999999999998
strong_coupling,2.5,0.442355727031934,0.26364701558486997,0.9999999999999998
strong_coupling,2.5100000000000002,0.44894040901582305,0.2563195510107958,0.9999999999999998
strong_coupling,2.52,0.45547480851804295,0.2490536827993384,0.9999999999999998
strong_coupling,2.5300000000000002,0.461956251829606,0.24185198469848504,0.9999999999999998
strong_coupling,2.54,0.46838209335279535,0.23471699855940173,0.9999999999999998
strong_coupling,2.5500000000000003,0.4747497165900483,0.22765123339825602,0.9999999999999998
strong_coupling,2.56,0.4810565351181702,0.22065716447389266,0.9999999999999998
strong_coupling,2.57,0.48729999355523385,0.21373723237058373,0.9999999999999998
strong_coupling,2.58,0.4934775684981643,0.20689384211822925,0.9999999999999999
strong_coupling,2.59,0.4995867694506985,0.20012936232061096,0.9999999999999998
strong_coupling,2.6,0.5056251397376091,0.1934461242975684,0.9999999999999998
strong_coupling,2.61,0.5115902574008648,0.18684642124728665,0.9999999999999998
strong_coupling,2.62,0.5174797361045641,0.18033250739965698,0.9999999999999999
strong_coupling,2.63,0.5232912260164504,0.17390659719463852,0.9999999999999999
strong_coupling,2.64,0.529022414610368,0.1675708645442942,0.9999999999999998
strong_coupling,2.65,0.5346710275192069,0.16132744204174967,0.9999999999999998
strong_coupling,2.66,0.5402348293501096,0.1551784202101352,0.9999999999999999
strong_coupling,2.67,0.5457116244816341,0.14912584677062493,0.9999999999999998
strong_coupling,2.68,0.5510992578434781,0.1431717259285866,0.9999999999999998
strong_coupling,2.69,0.5563956156755415,0.13731801768240529,0.9999999999999997
strong_coupling,2.7,0.5615986262692483,0.13156663715047484,0.9999999999999998
strong_coupling,2.71,0.5667062606894494,0.12591945391863907,0.9999999999999998
strong_coupling,2.72,0.5717165334766128,0.12037829140837703,0.9999999999999998
strong_coupling,2.73,0.576627503366599,0.11494492622573813,0.9999999999999998
strong_coupling,2.74,0.5814372739479775,0.10962108757659818,0.9999999999999998
strong_coupling,2.75,0.5861439942781486,0.10440845672544136,0.9999999999999998
strong_coupling,2.7600000000000002,0.5907458595265389,0.09930866642459736,0.9999999999999997
strong_coupling,2.77,0.5952411115806087,0.09432330038262501,0.9999999999999998
strong_coupling,2.7800000000000002,0.5996280396357336,0.08945389274946003,0.9999999999999997
strong_coupling,2.79,0.6039049807751674,0.08470192761192688,0.9999999999999997
strong_coupling,2.8000000000000003,0.6080703204936394,0.08006883854724245,0.9999999999999997
strong_coupling,2.81,0.6121224932270843,0.07555600817033634,0.9999999999999998
strong_coupling,2.82,0.6160599828556124,0.07116476770870818,0.9999999999999998
strong_coupling,2.83,0.6198813231849777,0.06689639659938573,0.9999999999999997
strong_coupling,2.84,0.6235850984482626,0.06275212206502839,0.9999999999999998
strong_coupling,2.85,0.6271699437169213,0.058733118783195995,0.9999999999999997
strong_coupling,2.86,0.6306345453073168,0.05484050856012528,0.9999999999999997
strong_coupling,2.87,0.6339776411886866,0.05107536000287191,0.9999999999999997
strong_coupling,2.88,0.6371980213576204,0.047438688225703636,0.9999999999999997
strong_coupling,2.89,0.6402945281988588,0.04393145456986204,0.9999999999999997
strong_coupling,2.9,0.6432660568274479,0.04055456634201888,0.9999999999999998
strong_coupling,2.91,0.6461115553748739,0.03730887661182973,0.9999999999999997
strong_coupling,2.92,0.6488300252841815,0.03419518399818502,0.9999999999999997
strong_coupling,2.93,0.6514205215738369,0.03121423248766161,0.9999999999999997
strong_coupling,2.94,0.6538821530828518,0.028366711272032434,0.9999999999999994
strong_coupling,2.95,0.6562140827399937,0.02565325456263838,0.9999999999999996
strong_coupling,2.96,0.6584155277139437,0.023074441522420424,0.9999999999999996
strong_coupling,2.97,0.6604857595921172,0.020630796170250286,0.9999999999999996
strong_coupling,2.98,0.6624241045429742,0.01832278730197197,0.9999999999999997
strong_coupling,2.99,0.6642299434474289,0.01615082844228472,0.9999999999999997
strong_coupling,3.0,0.6659027120223071,0.014115277803460058,0.9999999999999998
strong_coupling,3.0100000000000002,0.667441900910354,0.012216438278318085,0.9999999999999997
strong_coupling,3.02,0.6688470557256666,0.010454557479407564,0.9999999999999997
strong_coupling,3.0300000000000002,0.6701177771052284,0.008829827769759328,0.9999999999999998
strong_coupling,3.04,0.6712537207282759,0.007342386326397529,0.9999999999999996
strong_coupling,3.0500000000000003,0.6722545973211905,0.005992315218334291,0.9999999999999997
strong_coupling,3.06,0.673120172674336,0.004779641473114537,0.9999999999999996
strong_coupling,3.0700000000000003,0.673850267545354,0.0037043372548856025,0.9999999999999996
strong_coupling,3.08,0.6744447576037941,0.002766320002145559,0.9999999999999997
strong_coupling,3.09,0.674903573347052,0.0019654525937395258,0.9999999999999996
strong_coupling,3.1,0.6752267000056608,0.0013015435250273938,0.9999999999999997
strong_coupling,3.11,0.6754141773972882,0.000774347135154562,0.9999999999999997
strong_coupling,3.12,0.6754660997729539,0.0003835638416437178,0.9999999999999997
strong_coupling,3.13,0.6753826156440826,0.0001288403937325363,0.9999999999999997
strong_coupling,3.14,0.6751639275998891,9.770135206245434e-06,0.9999999999999996
strong_coupling,3.15,0.6748102920825328,2.5893308612574275e-05,0.9999999999999997
strong_coupling,3.16,0.6743220191448476,0.0001766973764660895,0.9999999999999996
strong_coupling,3.17,0.6736994721940511,0.00046161735606726605,0.9999999999999997
strong_coupling,3.18,0.672943067718924,0.0008800361703558339,0.9999999999999996
strong_coupling,3.19,0.6720532749887326,0.0014312850262988778,0.9999999999999997
strong_coupling,3.2,0.6710306157271775,0.0021146438175524973,0.9999999999999996
strong_coupling,3.21,0.6698756637738169,0.002929341539124514,0.9999999999999996
strong_coupling,3.22,0.6685890447277094,0.0038745567192602585,0.9999999999999997
strong_coupling,3.23,0.6671714355701315,0.004949417871512672,0.9999999999999997
strong_coupling,3.24,0.6656235642565773,0.006153003976422194,0.9999999999999996
strong_coupling,3.25,0.6639462093000262,0.007484344971527351,0.9999999999999996
strong_coupling,3.2600000000000002,0.6621401993343061,0.008942422260468319,0.9999999999999998
strong_coupling,3.27,0.6602064126613029,0.010526169237526233,0.9999999999999998
strong_coupling,3.2800000000000002,0.6581457767671585,0.012234471841901455,0.9999999999999997
strong_coupling,3.29,0.6559592678294486,0.014066169120471475,0.9999999999999997
strong_coupling,3.3000000000000003,0.6536479102051803,0.01602005380881251,0.9999999999999997
strong_coupling,3.31,0.6512127759058561,0.018094872924451232,0.9999999999999998
strong_coupling,3.3200000000000003,0.6486549840412167,0.020289328389909107,0.9999999999999998
strong_coupling,3.33,0.6459757002543769,0.022602077663760742,0.9999999999999998
strong_coupling,3.34,0.6431761361388064,0.02503173438883416,0.9999999999999998
strong_coupling,3.35,0.6402575486430704,0.02757686905200371,0.9999999999999997
strong_coupling,3.36,0.6372212394484218,0.030236009669313325,0.9999999999999997
strong_coupling,3.37,0.6340685543353599,0.033007642481476966,0.9999999999999996
strong_coupling,3.38,0.6308008825343424,0.035890212664145264,0.9999999999999998
strong_coupling,3.39,0.6274196560669485,0.03888212504670451,0.9999999999999998
strong_coupling,3.4,0.6239263490603765,0.041981744856358964,0.9999999999999997
strong_coupling,3.41,0.6203224770503116,0.04518739847275182,0.9999999999999997
strong_coupling,3.42,0.6166095962710286,0.04849737419421656,0.9999999999999996
strong_coupling,3.43,0.6127893029339399,0.05190992301502736,0.9999999999999997
strong_coupling,3.44,0.6088632324866327,0.055423259420141334,0.9999999999999998
strong_coupling,3.45,0.6048330588573536,0.05903556219317854,0.9999999999999997
strong_coupling,3.46,0.6007004936889564,0.06274497523417921,0.9999999999999997
strong_coupling,3.47,0.5964672855600636,0.06654960838874202,0.9999999999999996
strong_coupling,3.48,0.5921352191920725,0.07044753828999038,0.9999999999999997
strong_coupling,3.49,0.5877061146412619,0.07443680921405633,0.9999999999999998
strong_coupling,3.5,0.5831818264811152,0.07851543394408968,0.9999999999999997
strong_coupling,3.5100000000000002,0.5785642429774005,0.08268139464048385,0.9999999999999997
strong_coupling,3.52,0.5738552852540899,0.0869326437190505,0.9999999999999996
strong_coupling,3.5300000000000002,0.5690569064308526,0.09126710475515834,0.9999999999999996
strong_coupling,3.54,0.5641710907654475,0.09568267338256164,0.9999999999999996
strong_coupling,3.5500000000000003,0.5591998527794313,0.10017721820740397,0.9999999999999997
strong_coupling,3.56,0.5541452363690328,0.10474858173594229,0.9999999999999997
strong_coupling,3.5700000000000003,0.5490093139196469,0.10939458129635525,0.9999999999999997
strong_coupling,3.58,0.54379418540067,0.11411300997943104,0.9999999999999997
strong_coupling,3.59,0.5385019774560647,0.11890163758194687,0.9999999999999996
strong_coupling,3.6,0.5331348425009349,0.12375821154255627,0.9999999999999996
strong_coupling,3.61,0.5276949577794412,0.12868045791485802,0.9999999999999997
strong_coupling,3.62,0.5221845244342064,0.13366608232747687,0.9999999999999996
strong_coupling,3.63,0.5166057665664339,0.13871277095208884,0.9999999999999993
strong_coupling,3.64,0.5109609302813631,0.14381819148640576,0.9999999999999994
strong_coupling,3.65,0.5052522827385393,0.14897999412777405,0.9999999999999996
strong_coupling,3.66,0.4994821111906844,0.1541958125581129,0.9999999999999996
strong_coupling,3.67,0.49365272201570815,0.15946326493446988,0.9999999999999993
strong_coupling,3.68,0.4877664397453221,0.1647799548796997,0.9999999999999996
strong_coupling,3.69,0.4818256060869368,0.17014347248040468,0.9999999999999996
strong_coupling,3.7,0.47583257894111686,0.17555139528739136,0.9999999999999994
strong_coupling,3.71,0.4697897314153978,0.18100128931743636,0.9999999999999996
strong_coupling,3.72,0.4636994508518027,0.1864907100426168,0.9999999999999993
strong_coupling,3.73,0.4575641378350936,0.19201720339505965,0.9999999999999994
strong_coupling,3.74,0.4513862051888135,0.1975783067809905,0.9999999999999994
strong_coupling,3.75,0.4451680769879078,0.20317155007931487,0.9999999999999994
strong_coupling,3.7600000000000002,0.43891218753690653,0.20879445667141677,0.9999999999999996
strong_coupling,3.77,0.4326209803498922,0.21444454446777023,0.9999999999999996
strong_coupling,3.7800000000000002,0.4262969071830986,0.22011932688214933,0.9999999999999994
strong_coupling,3.79,0.41994242700978457,0.22581631386020123,0.9999999999999993
strong_coupling,3.8000000000000003,0.4135600050381731,0.23153301286412226,0.9999999999999996
strong_coupling,3.81,0.4071521117619536,0.2372669298234574,0.9999999999999996
strong_coupling,3.8200000000000003,0.400721221887672,0.24301557020649425,0.9999999999999996
strong_coupling,3.83,0.39426981336618117,0.24877643998681306,0.9999999999999996
strong_coupling,3.84,0.38780036638224913,0.2545470466509313,0.9999999999999994
strong_coupling,3.85,0.3813153622770925,0.2603249002747166,0.9999999999999996
strong_coupling,3.86,0.37481728263629005,0.2661075144252632,0.9999999999999996
strong_coupling,3.87,0.36830860826587064,0.27189240717852065,0.9999999999999996
strong_coupling,3.88,0.3617918181965786,0.2776771021056541,0.9999999999999996
strong_coupling,3.89,0.3552693887688733,0.2834591291703313,0.9999999999999996
strong_coupling,3.9,0.348743792581489,0.28923602577356156,0.9999999999999996
strong_coupling,3.91,0.34221749752191016,0.29500533770802906,0.9999999999999996
strong_coupling,3.92,0.335692965801201,0.3007646201068344,0.9999999999999996
strong_coupling,3.93,0.32917265293503606,0.30651143845500195,0.9999999999999994
strong_coupling,3.94,0.32265900680936854,0.3122433694998135,0.9999999999999993
strong_coupling,3.95,0.31615446672427105,0.3179580021868333,0.9999999999999996
strong_coupling,3.96,0.3096614624273234,0.32365293860811295,0.9999999999999994
strong_coupling,3.97,0.3031824131791236,0.3293257949087305,0.9999999999999996
strong_coupling,3.98,0.2967197268047459,0.33497420221370966,0.9999999999999996
strong_coupling,3.99,0.2902757987502466,0.3405958075491906,0.9999999999999996
strong_coupling,4.0,0.28385301115951417,0.3461882747369658,0.9999999999999996
strong_coupling,4.01,0.27745373195103684,0.3517492852929458,0.9999999999999996
strong_coupling,4.0200000000000005,0.27108031390488435,0.3572765393119399,0.9999999999999996
strong_coupling,4.03,0.26473509376218624,0.36276775633445935,0.9999999999999996
strong_coupling,4.04,0.25842039132867833,0.36822067621339283,0.9999999999999994
strong_coupling,4.05,0.2521385085804671,0.3736330599748835,0.9999999999999996
strong_coupling,4.0600000000000005,0.24589172877547083,0.3790026906719511,0.9999999999999996
strong_coupling,4.07,0.23968231560034872,0.3843273742036723,0.9999999999999996
strong_coupling,4.08,0.23351251230362724,0.3896049401448296,0.9999999999999996
strong_coupling,4.09,0.2273845408573383,0.39483324254677005,0.9999999999999996
strong_coupling,4.1,0.22130060115490452,0.40001016070168405,0.9999999999999997
strong_coupling,4.11,0.21526287014853715,0.40513359996367154,0.9999999999999996
strong_coupling,4.12,0.20927350105362194,0.41020149250354765,0.9999999999999996
strong_coupling,4.13,0.20333462254049983,0.41521179807484493,0.9999999999999996
strong_coupling,4.14,0.19744833786455734,0.4201625048408616,0.9999999999999997
strong_coupling,4.15,0.19161672416195127,0.4250516300338985,0.9999999999999996
strong_coupling,4.16,0.18584183166028231,0.4298772206991657,0.9999999999999996
strong_coupling,4.17,0.1801256829160792,0.43463735441062346,0.9999999999999997
strong_coupling,4.18,0.17447027215768432,0.4393301398786511,0.9999999999999997
strong_coupling,4.19,0.1688775644927324,0.4439537176949518,0.9999999999999996
strong_coupling,4.2,0.16334949519910405,0.44850626099159924,0.9999999999999996
strong_coupling,4.21,0.15788796904288172,0.4529859760718967,0.9999999999999997
strong_coupling,4.22,0.15249485952414782,0.45739110311658504,0.9999999999999997
strong_coupling,4.23,0.1471720082407754,0.46171991676574975,0.9999999999999997
strong_coupling,4.24,0.14192122424842407,0.4659707267046122,0.9999999999999996
strong_coupling,4.25,0.13674428339691425,0.4701418782740964,0.9999999999999998
strong_coupling,4.26,0.1316429277268452,0.4742317530167114,0.9999999999999997
strong_coupling,4.2700000000000005,0.126618864853694,0.47823876923671554,0.9999999999999998
strong_coupling,4.28,0.12167376735088409,0.48216138256204183,0.9999999999999998
strong_coupling,4.29,0.11680927218002703,0.48599808645529846,0.9999999999999998
strong_coupling,4.3,0.11202698011446767,0.48974741273322153,0.9999999999999997
strong_coupling,4.3100000000000005,0.10732845518095215,0.4934079320670313,0.9999999999999996
strong_coupling,4.32,0.10271522414399814,0.49697825443610333,0.9999999999999997
strong_coupling,4.33,0.09818877597990942,0.5004570295946806,0.9999999999999997
strong_coupling,4.34,0.0937505613723091,0.5038429475150337,0.9999999999999997
strong_coupling,4.3500000000000005,0.08940199222133761,0.507134738815815,0.9999999999999996
strong_coupling,4.36,0.0851444411812295,0.5103311751633994,0.9999999999999997
strong_coupling,4.37,0.08097924120533309,0.5134310696635722,0.9999999999999997
strong_coupling,4.38,0.07690768511411736,0.5164332772304232,0.9999999999999998
strong_coupling,4.39,0.07293102519260722,0.5193366949265604,0.9999999999999998
strong_coupling,4.4,0.06905047277741266,0.5221402623102269,0.9999999999999998
strong_coupling,4.41,0.06526719788162676,0.5248429617461922,0.9999999999999998
strong_coupling,4.42,0.061582328828529834,0.5274438187069438,0.9999999999999997
strong_coupling,4.43,0.057996951853264395,0.5299419021041603,0.9999999999999998
strong_coupling,4.44,0.05451211081572453,0.5323363245109907,0.9999999999999998
strong_coupling,4.45,0.05112880687901487,0.5346262424170692,0.9999999999999998
strong_coupling,4.46,0.04784799820689604,0.5368108564642078,0.9999999999999998
strong_coupling,4.47,0.04467059973799447,0.5388894116060002,0.9999999999999998
strong_coupling,4.48,0.041597482895590815,0.5408611973302386,0.9999999999999998
strong_coupling,4.49,0.038629475344995216,0.5427255478339441,0.9999999999999998
strong_coupling,4.5,0.03576736078652959,0.5444818421628499,0.9999999999999998
strong_coupling,4.51,0.03301187870209462,0.5461295043975081,0.9999999999999997
strong_coupling,4.5200000000000005,0.03036372418631184,0.5476680037540469,0.9999999999999998
strong_coupling,4.53,0.027823547801984306,0.5490968546604366,0.9999999999999997
strong_coupling,4.54,0.025391955411941225,0.5504156168566853,0.9999999999999997
strong_coupling,4.55,0.02306950806605178,0.5516238954388968,0.9999999999999998
strong_coupling,4.5600000000000005,0.020856721893348557,0.5527213408986252,0.9999999999999997
strong_coupling,4.57,0.018754067986651742,0.5537076491706027,0.9999999999999998
strong_coupling,4.58,0.016761972338946003,0.5545825616275696,0.9999999999999998
strong_coupling,4.59,0.01488081577647721,0.5553458650791809,0.9999999999999998
strong_coupling,4.6000000000000005,0.01311093390530767,0.5559973917576928,0.9999999999999997
strong_coupling,4.61,0.011452617114297708,0.5565370192459811,0.9999999999999997
strong_coupling,4.62,0.009906110562296629,0.5569646704226774,0.9999999999999998
strong_coupling,4.63,0.008471614192772162,0.5572803133795622,0.9999999999999997
strong_coupling,4.64,0.007149282767433257,0.5574839613198351,0.9999999999999998
strong_coupling,4.65,0.005939225916555029,0.5575756724407508,0.9999999999999997
strong_coupling,4.66,0.004841508208751641,0.5575555497963808,0.9999999999999996
strong_coupling,4.67,0.0038561492371947522,0.5574237411443341,0.9999999999999997
strong_coupling,4.68,0.002983123716223015,0.5571804387825181,0.9999999999999997
strong_coupling,4.69,0.002222361612322186,0.5568258793515499,0.9999999999999998
strong_coupling,4.7,0.001573748282803169,0.5563603436299851,0.9999999999999998
strong_coupling,4.71,0.001037124632438411,0.5557841563119087,0.9999999999999997
strong_coupling,4.72,0.0006122872807678658,0.5550976857739441,0.9999999999999996
strong_coupling,4.73,0.00029898876010862256,0.5543013438124654,0.9999999999999997
strong_coupling,4.74,9.693772486492156e-05,0.5533955853697143,0.9999999999999996
strong_coupling,4.75,5.799176824815549e-06,0.552380908244344,0.9999999999999996
strong_coupling,4.76,2.5194707218125076e-05,0.5512578527857396,0.9999999999999997
strong_coupling,4.7700000000000005,0.00015470275782716338,0.5500270015697772,0.9999999999999996
strong_coupling,4.78,0.0003938588987254709,0.5486889790584978,0.9999999999999997
strong_coupling,4.79,0.0007421561221232316,0.5472444512442397,0.9999999999999997
strong_coupling,4.8,0.0011990451438897705,0.5456941252864188,0.9999999999999996
strong_coupling,4.8100000000000005,0.0017639347300564107,0.5440387491241746,0.9999999999999997
strong_coupling,4.82,0.002436192044692339,0.5422791110684191,0.9999999999999998
strong_coupling,4.83,0.003215143004122922,0.5404160393879233,0.9999999999999996
strong_coupling,4.84,0.004100072648870976,0.5384504018783818,0.9999999999999996
strong_coupling,4.8500000000000005,0.005090225531410782,0.5363831054163708,0.9999999999999997
strong_coupling,4.86,0.006184806121962043,0.5342150954961172,0.9999999999999996
strong_coupling,4.87,0.007382979227001024,0.5319473557541629,0.9999999999999997
strong_coupling,4.88,0.008683870420939786,0.5295809074815098,0.9999999999999996
strong_coupling,4.89,0.01008656648962225,0.5271168091245578,0.9999999999999996
strong_coupling,4.9,0.011590115900185091,0.5245561557611487,0.9999999999999997
strong_coupling,4.91,0.013193529275749847,0.5219000785720536,0.9999999999999997
strong_coupling,4.92,0.014895779885315992,0.5191497442982085,0.9999999999999996
strong_coupling,4.93,0.016695804143699568,0.5163063546887044,0.9999999999999996
strong_coupling,4.94,0.018592502134903877,0.5133711459264011,0.9999999999999997
strong_coupling,4.95,0.020584738142238948,0.5103453880475799,0.9999999999999996
strong_coupling,4.96,0.022671341192140666,0.507230384348764,0.9999999999999997
strong_coupling,4.97,0.02485110560731964,0.5040274707845935,0.9999999999999997
strong_coupling,4.98,0.027122791580073597,0.5007380153475536,0.9999999999999996
strong_coupling,4.99,0.02948512575395098,0.4973634174397323,0.9999999999999998
strong_coupling,5.0,0.03193680181728628,0.49390510723367786,0.9999999999999997
strong_coupling,5.01,0.034476481104700495,0.49036454502636184,0.9999999999999997
strong_coupling,5.0200000000000005,0.03710279321704206,0.48674322057571184,0.9999999999999997
strong_coupling,5.03,0.03981433665037,0.4830426524291473,0.9999999999999998
strong_coupling,5.04,0.042609679434554085,0.4792643872435466,0.9999999999999998
strong_coupling,5.05,0.045487359776919464,0.4754099991005868,0.9999999999999997
strong_coupling,5.0600000000000005,0.04844588672386365,0.4714810888059491,0.9999999999999997
strong_coupling,5.07,0.05148374083327759,0.4674792831788802,0.9999999999999997
strong_coupling,5.08,0.0545993748520254,0.4634062343373171,0.9999999999999997
strong_coupling,5.09,0.05779121440785237,0.4592636189697644,0.9999999999999997
strong_coupling,5.1000000000000005,0.06105765870875371,0.45505313760089877,0.9999999999999998
strong_coupling,5.11,0.06439708124773583,0.450776513853043,0.9999999999999998
strong_coupling,5.12,0.0678078305211455,0.44643549369507074,0.9999999999999997
strong_coupling,5.13,0.07128823074666564,0.44203184469270584,0.9999999999999998
strong_coupling,5.14,0.07483658258617755,0.4375673552550669,0.9999999999999998
strong_coupling,5.15,0.07845116389915742,0.43304383385232903,0.9999999999999998
strong_coupling,5.16,0.08213023048259417,0.4284631082476442,0.9999999999999998
strong_coupling,5.17,0.08587201682630718,0.4238270247146345,0.9999999999999998
strong_coupling,5.18,0.08967473688149447,0.4191374472421609,0.9999999999999998
strong_coupling,5.19,0.09353658481722348,0.4143962567543587,0.9999999999999998
strong_coupling,5.2,0.0974557357971498,0.4096053503101359,0.9999999999999998
strong_coupling,5.21,0.1014303467576457,0.4047666403029614,0.9999999999999998
strong_coupling,5.22,0.10545855718209643,0.3998820536667063,0.9999999999999998
strong_coupling,5.23,0.10953848989962882,0.394953531056294,0.9999999999999998
strong_coupling,5.24,0.11366825187659992,0.3899830260381246,0.9999999999999998
strong_coupling,5.25,0.11784593501290958,0.3849725042766167,0.9999999999999998
strong_coupling,5.26,0.12206961693687463,0.37992394272067914,0.9999999999999998
strong_coupling,5.2700000000000005,0.126337361814333,0.37483932878181747,0.9999999999999998
strong_coupling,5.28,0.13064722115598007,0.369720659513098,0.9999999999999998
strong_coupling,5.29,0.13499723462730814,0.36456994078635496,0.9999999999999998
strong_coupling,5.3,0.13938543088556896,0.3593891864459995,0.9999999999999998
strong_coupling,5.3100000000000005,0.14380982838748738,0.35418041749057816,0.9999999999999998
strong_coupling,5.32,0.14826843620527488,0.3489456612478063,0.9999999999999998
strong_coupling,5.33,0.1527592548566902,0.34368695053786513,0.9999999999999998
strong_coupling,5.34,0.15728027708864906,0.3384063228821612,0.9999999999999998
strong_coupling,5.3500000000000005,0.16182948870145508,0.3331058196744591,0.9999999999999998
strong_coupling,5.36,0.1664048693969792,0.327787485330365,0.9999999999999998
strong_coupling,5.37,0.17100439358097827,0.32245336648198325,0.9999999999999998
strong_coupling,5.38,0.1756260312222213,0.31710551111749485,0.9999999999999998
strong_coupling,5.39,0.18026774870545131,0.3117459677281538,0.9999999999999998
strong_coupling,5.4,0.184927509596847,0.30637678454430944,0.9999999999999998
strong_coupling,5.41,0.18960327549940564,0.30100000868243515,0.9999999999999998
strong_coupling,5.42,0.19429300685435993,0.29561768534781546,0.9999999999999998
strong_coupling,5.43,0.19899466370880772,0.29023185707269283,0.9999999999999997
strong_coupling,5.44,0.20370620660540106,0.2848445628319873,0.9999999999999998
strong_coupling,5.45,0.20842559736699479,0.27945783726665563,0.9999999999999998
strong_coupling,5.46,0.2131507999140052,0.2740737098747292,0.9999999999999998
strong_coupling,5.47,0.21787978112098635,0.2686942041625175,0.9999999999999998
strong_coupling,5.48,0.2226105115699933,0.2633213369046543,0.9999999999999998
strong_coupling,5.49,0.22734096636966677,0.2579571173365508,0.9999999999999997
strong_coupling,5.5,0.23206912595758106,0.252603546365337,0.9999999999999999
strong_coupling,5.51,0.23679297687273904,0.24726261581290626,0.9999999999999998
strong_coupling,5.5200000000000005,0.24151051256784203,0.24193630761854612,0.9999999999999998
strong_coupling,5.53,0.24621973419238913,0.23662659307291745,0.9999999999999998
strong_coupling,5.54,0.25091865137039193,0.2313354320585336,0.9999999999999998
strong_coupling,5.55,0.25560528298323537,0.22606477228469854,0.9999999999999999
strong_coupling,5.5600000000000005,0.26027765793401125,0.22081654854434174,0.9999999999999998
strong_coupling,5.57,0.26493381591009135,0.21559268197295914,0.9999999999999998
strong_coupling,5.58,0.26957180814206105,0.21039507931184812,0.9999999999999997
strong_coupling,5.59,0.27418969816325367,0.2052256321730692,0.9999999999999998
strong_coupling,5.6000000000000005,0.2787855625525967,0.20008621632104898,0.9999999999999997
strong_coupling,5.61,0.28335749166960117,0.19497869096303916,0.9999999999999998
strong_coupling,5.62,0.28790359038846414,0.18990489804228716,0.9999999999999998
strong_coupling,5.63,0.29242197880626436,0.18486666155611575,0.9999999999999997
strong_coupling,5.64,0.2969107929524067,0.17986578687486307,0.9999999999999999
strong_coupling,5.65,0.3013681855080852,0.1749040600539339,0.9999999999999998
strong_coupling,5.66,0.30579232649285576,0.1699832471770335,0.9999999999999998
strong_coupling,5.67,0.31018140397278166,0.16510509368027,0.9999999999999998
strong_coupling,5.68,0.31453362476974417,0.16027132367633837,0.9999999999999999
strong_coupling,5.69,0.3188472150888543,0.15548363935946943,0.9999999999999998
strong_coupling,5.7,0.323120421203204,0.15074372035587824,0.9999999999999999
strong_coupling,5.71,0.32735151009371843,0.14605322311959862,0.9999999999999998
strong_coupling,5.72,0.3315387700402202,0.14141378037809418,0.9999999999999998
strong_coupling,5.73,0.335680511312529,0.13682700047861093,0.9999999999999998
strong_coupling,5.74,0.33977506676644875,0.13229446683068913,0.9999999999999998
strong_coupling,5.75,0.3438207924576813,0.1278177373309508,0.9999999999999998
strong_coupling,5.76,0.34781606831283896,0.12339834372831346,0.9999999999999998
strong_coupling,5.7700000000000005,0.3517592986484555,0.11903779114901049,0.9999999999999999
strong_coupling,5.78,0.3556489127676786,0.11473755754026292,0.9999999999999998
strong_coupling,5.79,0.35948336553425353,0.11049909313815251,0.9999999999999997
strong_coupling,5.8,0.363261137872515,0.10632382001538887,0.9999999999999998
strong_coupling,5.8100000000000005,0.366980737353428,0.10221313153540307,0.9999999999999998
strong_coupling,5.82,0.37064069872269306,0.09816839186904842,0.9999999999999997
strong_coupling,5.83,0.3742395844077569,0.09419093553383275,0.9999999999999999
strong_coupling,5.84,0.3777759850604507,0.09028206689282076,0.9999999999999998
strong_coupling,5.8500000000000005,0.3812485200305256,0.08644305972986845,0.9999999999999998
strong_coupling,5.86,0.384655837836185,0.08267515682733326,0.9999999999999999
strong_coupling,5.87,0.3879966166423431,0.07897956953423826,0.9999999999999997
strong_coupling,5.88,0.39126956470867186,0.07535747736838387,0.9999999999999996
strong_coupling,5.89,0.3944734208324083,0.07181002762226635,0.9999999999999998
strong_coupling,5.9,0.3976069547824942,0.06833833497702689,0.9999999999999998
strong_coupling,5.91,0.4006689677110394,0.06494348114189763,0.9999999999999998
strong_coupling,5.92,0.4036582925549342,0.06162651450232204,0.9999999999999998
strong_coupling,5.93,0.40657379442318897,0.05838844978299175,0.9999999999999997
strong_coupling,5.94,0.4094143709676415,0.05523026772999483,0.9999999999999997
strong_coupling,5.95,0.4121789527415916,0.052152914803425376,0.9999999999999998
strong_coupling,5.96,0.4148665035541132,0.049157302875706035,0.9999999999999999
strong_coupling,5.97,0.4174760208224057,0.0462443089327254,0.9999999999999998
strong_coupling,5.98,0.42000653586322395,0.043414774834596666,0.9999999999999997
strong_coupling,5.99,0.42245711420877163,0.040669507053730916,0.9999999999999998
strong_coupling,6.0,0.4248268558900317,0.03800927644516096,0.9999999999999998
strong_coupling,6.01,0.4271148956738502,0.03543481806227124,0.9999999999999998
strong_coupling,6.0200000000000005,0.42932040335968813,0.03294683091592295,0.9999999999999998
strong_coupling,6.03,0.4314425840088562,0.03054597779943618,0.9999999999999998
strong_coupling,6.04,0.4334806781732306,0.028232885114742687,0.9999999999999998
strong_coupling,6.05,0.4354339621676018,0.026008142656222765,0.9999999999999998
strong_coupling,6.0600000000000005,0.43730174821867723,0.023872303516144115,0.9999999999999998
strong_coupling,6.07,0.43908338465936747,0.021825883946081148,0.9999999999999998
strong_coupling,6.08,0.4407782561080546,0.01986936323351171,0.9999999999999999
strong_coupling,6.09,0.4423857835899497,0.01800318363568443,0.9999999999999998
strong_coupling,6.1000000000000005,0.4439054247006659,0.01622775027243248,0.9999999999999999
strong_coupling,6.11,0.4453366737346588,0.014543431053852685,0.9999999999999998
strong_coupling,6.12,0.4466790617866162,0.012950556634885802,0.9999999999999998
strong_coupling,6.13,0.4479321568686828,0.011449420354284128,0.9999999999999998
strong_coupling,6.140000000000001,0.44909556398285333,0.010040278218349562,0.9999999999999998
strong_coupling,6.15,0.4501689251753839,0.008723348902641459,0.9999999999999998
strong_coupling,6.16,0.4511519195945579,0.007498813750351351,0.9999999999999998
strong_coupling,6.17,0.45204426352399923,0.0063668167951303565,0.9999999999999999
strong_coupling,6.18,0.4528457104024744,0.00532746479731783,0.9999999999999998
strong_coupling,6.19,0.45355605083168976,0.004380827292004956,0.9999999999999998
strong_coupling,6.2,0.45417511256490595,0.0035269366562659557,0.9999999999999998
strong_coupling,6.21,0.4547027604861593,0.00276578818556677,0.9999999999999997
strong_coupling,6.22,0.45513889657637263,0.002097340183104339,0.9999999999999998
strong_coupling,6.23,0.4554834598503605,0.0015215140782156534,0.9999999999999998
strong_coupling,6.24,0.4557364262916544,0.0010381945466258042,0.9999999999999998
strong_coupling,6.25,0.4558978087702127,0.0006472296476979526,0.9999999999999998
strong_coupling,6.26,0.4559676569474201,0.00034843097431251787,0.9999999999999998
strong_coupling,6.2700000000000005,0.4559460571602674,0.0001415738228205615,0.9999999999999998
strong_coupling,6.28,0.45583313229548694,2.6397373114208415e-05,0.9999999999999998
strong_coupling,6.29,0.45562904164908885,2.604882888400319e-06,0.9999999999999997
strong_coupling,6.3,0.45533398077569825,6.986389162738258e-05,0.9999999999999997
strong_coupling,6.3100000000000005,0.45494818131418296,0.00022780644822989016,0.9999999999999997
strong_coupling,6.32,0.4544719108048189,0.00047602934654010704,0.9999999999999997
strong_coupling,6.33,0.4539054724924547,0.0008140943745174093,0.9999999999999997
strong_coupling,6.34,0.45324920512268035,0.001241528570278293,0.9999999999999996
strong_coupling,6.3500000000000005,0.45250348271136787,0.0017578245038406698,0.9999999999999996
strong_coupling,6.36,0.45166871430637223,0.00236244056647652,0.9999999999999997
strong_coupling,6.37,0.4507453437368637,0.003054801272007496,0.9999999999999997
strong_coupling,6.38,0.4497338493493021,0.0038342975711191858,0.9999999999999996
strong_coupling,6.390000000000001,0.4486347437284859,0.004700287179824975,0.9999999999999996
strong_coupling,6.4,0.44744857340560645,0.0056520949204409724,0.9999999999999997
strong_coupling,6.41,0.44617591855373767,0.00668901307467207,0.9999999999999997
strong_coupling,6.42,0.44481739267630893,0.007810301743134857,0.9999999999999997
strong_coupling,6.43,0.44337364227709275,0.009015189222750842,0.9999999999999996
strong_coupling,6.44,0.44184534651415863,0.010302872399549978,0.9999999999999997
strong_coupling,6.45,0.44023321684785666,0.011672517146847472,0.9999999999999996
strong_coupling,6.46,0.4385379966768821,0.013123258734862241,0.9999999999999996
strong_coupling,6.47,0.43676046096198623,0.014654202252005148,0.9999999999999997
strong_coupling,6.48,0.434901415832923,0.01626442304189697,0.9999999999999997
strong_coupling,6.49,0.43296169818874913,0.01795296714670746,0.9999999999999994
strong_coupling,6.5,0.4309421752859117,0.019718851762014766,0.9999999999999996
strong_coupling,6.51,0.4288437443158196,0.021561065701594835,0.9999999999999996
strong_coupling,6.5200000000000005,0.42666733196819945,0.023478569875174608,0.9999999999999994
strong_coupling,6.53,0.4244138939859923,0.025470297774316978,0.9999999999999996
strong_coupling,6.54,0.422084414710716,0.0275351559669864,0.9999999999999996
strong_coupling,6.55,0.41967990662323795,0.029672024595954367,0.9999999999999997
strong_coupling,6.5600000000000005,0.41720140985993626,0.031879757900927314,0.9999999999999996
strong_coupling,6.57,0.41464999172877487,0.03415718474000819,0.9999999999999996
strong_coupling,6.58,0.4120267462142569,0.03650310912152478,0.9999999999999994
strong_coupling,6.59,0.4093327934733783,0.03891631074463335,0.9999999999999996
strong_coupling,6.6000000000000005,0.40656927932039816,0.04139554554908982,0.9999999999999997
strong_coupling,6.61,0.4037373747034868,0.04393954627293469,0.9999999999999996
strong_coupling,6.62,0.40083827517258247,0.046547023018106364,0.9999999999999994
strong_coupling,6.63,0.3978732003405397,0.04921666382160714,0.9999999999999996
strong_coupling,6.640000000000001,0.3948433933325507,0.051947135237819485,0.9999999999999996
strong_coupling,6.65,0.39175012022842876,0.05473708292693705,0.9999999999999994
strong_coupling,6.66,0.3885946694976677,0.05758513224963915,0.9999999999999997
strong_coupling,6.67,0.3853783514352099,0.06048988886098743,0.9999999999999994
strong_coupling,6.68,0.3821024975796493,0.06344993931998837,0.9999999999999996
strong_coupling,6.69,0.3787684601234584,0.06646385170610353,0.9999999999999996
strong_coupling,6.7,0.37537761132290426,0.0695301762357334,0.9999999999999997
strong_coupling,6.71,0.37193134289145563,0.07264744589395553,0.9999999999999997
strong_coupling,6.72,0.3684310653912548,0.07581417706728272,0.9999999999999996
strong_coupling,6.73,0.3648782076272123,0.07902887017292089,0.9999999999999996
strong_coupling,6.74,0.3612742160236601,0.08229001030435866,0.9999999999999996
strong_coupling,6.75,0.35762055400872306,0.08559606786837795,0.9999999999999994
strong_coupling,6.76,0.35391870139769277,0.08894549922209877,0.9999999999999996
strong_coupling,6.7700000000000005,0.35017015374020244,0.0923367473449054,0.9999999999999994
strong_coupling,6.78,0.3463764216911803,0.09576824248584614,0.9999999999999996
strong_coupling,6.79,0.3425390303645136,0.09923840282771093,0.9999999999999994
strong_coupling,6.8,0.3386595186706576,0.10274563516714208,0.9999999999999994
strong_coupling,6.8100000000000005,0.3347394386840577,0.10628833556108806,0.9999999999999994
strong_coupling,6.82,0.33078035498109215,0.10986489000388777,0.9999999999999994
strong_coupling,6.83,0.3267838439818673,0.1134736750986909,0.9999999999999996
strong_coupling,6.84,0.32275149330212416,0.11711305871575751,0.9999999999999996
strong_coupling,6.8500000000000005,0.31868490107487696,0.12078140068405735,0.9999999999999996
strong_coupling,6.86,0.31458567528649417,0.12447705346478084,0.9999999999999997
strong_coupling,6.87,0.3104554331097836,0.12819836282732122,0.9999999999999994
strong_coupling,6.88,0.3062958002411233,0.13194366852436032,0.9999999999999997
strong_coupling,6.890000000000001,0.3021084102240981,0.1357113049724863,0.9999999999999996
strong_coupling,6.9,0.2978949037776217,0.13949960193054933,0.9999999999999997
strong_coupling,6.91,0.29365692812340133,0.14330688517823933,0.9999999999999996
strong_coupling,6.92,0.28939613628170197,0.1471314772211336,0.9999999999999998
strong_coupling,6.93,0.28511418640700104,0.15097169795984686,0.9999999999999997
strong_coupling,6.94,0.28081274111544274,0.15482586536541826,0.9999999999999998
strong_coupling,6.95,0.27649346679654097,0.1586922961675133,0.9999999999999996
strong_coupling,6.96,0.27215803296993313,0.16256930650053483,0.9999999999999996
strong_coupling,6.97,0.26780811160659673,0.16645521258121654,0.9999999999999997
strong_coupling,6.98,0.2634453764295619,0.17034833140389685,0.9999999999999996
strong_coupling,6.99,0.25907150225715037,0.1742469813956865,0.9999999999999997
strong_coupling,7.0,0.2546881643089654,0.17814948310569642,0.9999999999999996
strong_coupling,7.01,0.2502970375172388,0.1820541598880679,0.9999999999999996
strong_coupling,7.0200000000000005,0.24589979589277056,0.18595933853164573,0.9999999999999996
strong_coupling,7.03,0.24149811183832992,0.18986334993887463,0.9999999999999997
strong_coupling,7.04,0.23709365549086392,0.19376452977580289,0.9999999999999996
strong_coupling,7.05,0.23268809407943095,0.19766121910567647,0.9999999999999997
strong_coupling,7.0600000000000005,0.22828309123534232,0.20155176506804962,0.9999999999999997
strong_coupling,7.07,0.22388030634735742,0.2054345215128743,0.9999999999999997
strong_coupling,7.08,0.21948139390449325,0.2093078496462854,0.9999999999999998
strong_coupling,7.09,0.21508800282093576,0.213170118695075,0.9999999999999997
strong_coupling,7.1000000000000005,0.21070177581562077,0.2170197065113304,0.9999999999999997
strong_coupling,7.11,0.20632434876040515,0.22085500021051951,0.9999999999999997
strong_coupling,7.12,0.20195735004069473,0.22467439679525278,0.9999999999999998
strong_coupling,7.13,0.1976023999461617,0.22847630374392894,0.9999999999999997
strong_coupling,7.140000000000001,0.1932611100203729,0.23225913964706688,0.9999999999999998
strong_coupling,7.15,0.18893508244126098,0.23602133480761303,0.9999999999999997
strong_coupling,7.16,0.18462590940706725,0.23976133183503504,0.9999999999999997
strong_coupling,7.17,0.1803351725090145,0.24347758625870028,0.9999999999999997
strong_coupling,7.18,0.1760644421357648,0.24716856709851606,0.9999999999999997
strong_coupling,7.19,0.1718152768752749,0.25083275744084277,0.9999999999999996
strong_coupling,7.2,0.16758922291761244,0.25446865501467836,0.9999999999999998
strong_coupling,7.21,0.16338781345735967,0.25807477276120716,0.9999999999999997
strong_coupling,7.22,0.15921256811378637,0.26164963939077784,0.9999999999999998
strong_coupling,7.23,0.15506499235868276,0.2651917999319093,0.9999999999999998
strong_coupling,7.24,0.15094657694387384,0.2686998162759278,0.9999999999999998
strong_coupling,7.25,0.1468587973531883,0.27217226770079406,0.9999999999999997
strong_coupling,7.26,0.1428031132533009,0.27560775139336624,0.9999999999999997
strong_coupling,7.2700000000000005,0.13878096793529784,0.27900488297646564,0.9999999999999997
strong_coupling,7.28,0.13479378778649223,0.28236229700961457,0.9999999999999997
strong_coupling,7.29,0.13084298175307188,0.2856786474959813,0.9999999999999996
strong_coupling,7.3,0.12692994080655998,0.2889526083844393,0.9999999999999998
strong_coupling,7.3100000000000005,0.12305603745337723,0.292182874030399,0.9999999999999997
strong_coupling,7.32,0.11922262522192754,0.2953681596760598,0.9999999999999997
strong_coupling,7.33,0.11543103817008059,0.2985072019103938,0.9999999999999997
strong_coupling,7.34,0.1116825904091233,0.3015987591124573,0.9999999999999998
strong_coupling,7.3500000000000005,0.10797857561644449,0.3046416119039193,0.9999999999999998
strong_coupling,7.36,0.10432026657352628,0.30763456357666025,0.9999999999999996
strong_coupling,7.37,0.10070891470685385,0.3105764405167835,0.9999999999999998
strong_coupling,7.38,0.09714574961897891,0.3134660926386923,0.9999999999999997
strong_coupling,7.390000000000001,0.09363197867036613,0.3163023937659874,0.9999999999999996
strong_coupling,7.4,0.09016878654540013,0.31908424202877855,0.9999999999999998
strong_coupling,7.41,0.08675733483232517,0.32181056024625515,0.9999999999999996
strong_coupling,7.42,0.08339876163706138,0.3244802962728589,0.9999999999999997
strong_coupling,7.43,0.08009418117004641,0.3270924233741326,0.9999999999999997
strong_coupling,7.44,0.07684468336153917,0.32964594057203744,0.9999999999999997
strong_coupling,7.45,0.0736513334911143,0.33213987297533454,0.9999999999999996
strong_coupling,7.46,0.07051517180383424,0.3345732721265958,0.9999999999999997
strong_coupling,7.47,0.06743721316740597,0.3369452163029209,0.9999999999999996
strong_coupling,7.48,0.06441844673540437,0.33925481081104497,0.9999999999999996
strong_coupling,7.49,0.06145983561087484,0.34150118828347603,0.9999999999999996
strong_coupling,7.5,0.058562316517941,0.34368350896207134,0.9999999999999996
strong_coupling,7.51,0.05572679949179643,0.34580096096599977,0.9999999999999996
strong_coupling,7.5200000000000005,0.05295416758423642,0.3478527605456521,0.9999999999999996
strong_coupling,7.53,0.05024527657231364,0.3498381523294127,0.9999999999999996
strong_coupling,7.54,0.047600954695857574,0.35175640954488124,0.9999999999999996
strong_coupling,7.55,0.04502200240495486,0.3536068342294443,0.9999999999999997
strong_coupling,7.5600000000000005,0.042509192089843065,0.35538875745294773,0.9999999999999997
strong_coupling,7.57,0.040063267854118824,0.3571015395021446,0.9999999999999997
strong_coupling,7.58,0.037684945277546886,0.3587445700727093,0.9999999999999997
strong_coupling,7.59,0.035374911174821125,0.3603172684638049,0.9999999999999998
strong_coupling,7.6000000000000005,0.03313382342924074,0.36181908370236593,0.9999999999999997
strong_coupling,7.61,0.030962310786864306,0.3632494947026877,0.9999999999999998
strong_coupling,7.62,0.028860972678535764,0.364608010399219,0.9999999999999997
strong_coupling,7.63,0.02683037906777167,0.3658941698545739,0.9999999999999997
strong_coupling,7.640000000000001,0.024871070279465085,0.36710754238362403,0.9999999999999998
strong_coupling,7.65,0.02298355686291033,0.36824772764517105,0.9999999999999998
strong_coupling,7.66,0.02116831946246532,0.3693143557255112,0.9999999999999997
strong_coupling,7.67,0.019425808686701157,0.37030708722288025,0.9999999999999996
strong_coupling,7.68,0.017756445015299025,0.37122561329495224,0.9999999999999998
strong_coupling,7.69,0.016160618704554958,0.37206965570718825,0.9999999999999996
strong_coupling,7.7,0.01463868970504422,0.37283896686898604,0.9999999999999998
strong_coupling,7.71,0.013190987593257182,0.3735333298561115,0.9999999999999998
strong_coupling,7.72,0.011817811515698683,0.37415255842031403,0.9999999999999997
strong_coupling,7.73,0.010519430145557633,0.3746964969865102,0.9999999999999997
strong_coupling,7.74,0.009296081651858136,0.3751650206375942,0.9999999999999998
strong_coupling,7.75,0.008147973674168698,0.37555803509358426,0.9999999999999998
strong_coupling,7.76,0.0070752833178965024,0.3758754766704014,0.9999999999999998
strong_coupling,7.7700000000000005,0.006078157162743479,0.37611731222559047,0.9999999999999998
strong_coupling,7.78,0.005156711278433144,0.37628353909678897,0.9999999999999996
strong_coupling,7.79,0.004311031254010265,0.37637418502682357,0.9999999999999996
strong_coupling,7.8,0.0035411722398267756,0.3763893080762428,0.9999999999999997
strong_coupling,7.8100000000000005,0.002847159002564082,0.3763289965229277,0.9999999999999996
strong_coupling,7.82,0.002228985991657818,0.37619336875054665,0.9999999999999997
strong_coupling,7.83,0.0016866174141652818,0.3759825731286937,0.9999999999999996
strong_coupling,7.84,0.0012199873200046437,0.37569678788284966,0.9999999999999996
strong_coupling,7.8500000000000005,0.0008289997117171624,0.37533622094023,0.9999999999999996
strong_coupling,7.86,0.0005135286548541552,0.37490110977510505,0.9999999999999996
strong_coupling,7.87,0.0002734184030294846,0.37439172123975417,0.9999999999999997
strong_coupling,7.88,0.00010848353459157531,0.3738083513840702,0.9999999999999996
strong_coupling,7.890000000000001,1.850910168221896e-05,0.37315132526314165,0.9999999999999996
strong_coupling,7.9,3.2507904961581094e-06,0.37242099673391266,0.9999999999999996
strong_coupling,7.91,6.24350920032271e-05,0.3716177482416981,0.9999999999999996
strong_coupling,7.92,0.00019575947799882183,0.370741990601577,0.9999999999999997
strong_coupling,7.930000000000001,0.0004028926015771209,0.3697941627560545,0.9999999999999997
strong_coupling,7.94,0.0006834745006499698,0.36877473152986573,0.9999999999999997
strong_coupling,7.95,0.0010371168130136358,0.3676841913736444,0.9999999999999997
strong_coupling,7.96,0.0014634030004405166,0.36652306409893437,0.9999999999999996
strong_coupling,7.97,0.0019618885879513857,0.3652918985985685,0.9999999999999997
strong_coupling,7.98,0.0025321014118699697,0.363991270558664,0.9999999999999997
strong_coupling,7.99,0.0031735418780027293,0.3626217821609434,0.9999999999999998
strong_coupling,8.0,0.0038856832266156603,0.36118406177852486,0.9999999999999996
strong_coupling,8.01,0.004667971813341742,0.3596787636565824,0.9999999999999998
strong_coupling,8.02,0.005519827399349987,0.358106567584199,0.9999999999999997
strong_coupling,8.03,0.006440643449572701,0.35646817855857327,0.9999999999999997
strong_coupling,8.040000000000001,0.007429787438914622,0.35476432644175226,0.9999999999999997
strong_coupling,8.05,0.0084866011708542,0.3529957656055945,0.9999999999999996
strong_coupling,8.06,0.009610401107259813,0.35116327456612434,0.9999999999999996
strong_coupling,8.07,0.010800478704768067,0.34926765561182804,0.9999999999999997
strong_coupling,8.08,0.012056100758932714,0.34730973442464236,0.9999999999999996
strong_coupling,8.09,0.01337650975785843,0.34529035969208494,0.9999999999999996
strong_coupling,8.1,0.014760924249933399,0.3432104027062161,0.9999999999999996
strong_coupling,8.11,0.016208539215114264,0.341070756959356,0.9999999999999996
strong_coupling,8.120000000000001,0.01771852644589366,0.3388723377307602,0.9999999999999996
strong_coupling,8.13,0.019290034936248313,0.33661608166586254,0.9999999999999996
strong_coupling,8.14,0.020922191280790786,0.33430294634636903,0.9999999999999994
strong_coupling,8.15,0.02261410008053265,0.3319339098540914,0.9999999999999996
strong_coupling,8.16,0.02436484435563025,0.32950997032852736,0.9999999999999994
strong_coupling,8.17,0.02617348596148209,0.32703214552169113,0.9999999999999994
strong_coupling,8.18,0.028039066023032636,0.32450147233568094,0.9999999999999994
strong_coupling,8.19,0.029960605369022994,0.3219190063608542,0.9999999999999996
strong_coupling,8.2,0.031937104974386045,0.31928582140654854,0.9999999999999996
strong_coupling,8.21,0.03396754640935444,0.3166030090253733,0.9999999999999994
strong_coupling,8.22,0.03605089229630529,0.3138716780313747,0.9999999999999994
strong_coupling,8.23,0.038186086772623376,0.31109295401244774,0.9999999999999994
strong_coupling,8.24,0.04037205595980184,0.30826797883726137,0.9999999999999996
strong_coupling,8.25,0.042607708436575326,0.3053979101590798,0.9999999999999994
strong_coupling,8.26,0.0448919357214231,0.30248392091081533,0.9999999999999994
strong_coupling,8.27,0.047223612759669076,0.2995271987963318,0.9999999999999993
strong_coupling,8.28,0.04960159841536145,0.2965289457777918,0.9999999999999993
strong_coupling,8.290000000000001,0.05202473596356791,0.2934903775626842,0.9999999999999993
strong_coupling,8.3,0.054491853593828146,0.29041272308129323,0.9999999999999993
strong_coupling,8.31,0.05700176491895372,0.2872972239596957,0.9999999999999994
strong_coupling,8.32,0.05955326948450312,0.2841451339923865,0.9999999999999994
strong_coupling,8.33,0.062145153288926454,0.28095771860531904,0.9999999999999994
strong_coupling,8.34,0.06477618930505996,0.27773625431836,0.9999999999999994
strong_coupling,8.35,0.06744513799999768,0.27448202821008677,0.9999999999999993
strong_coupling,8.36,0.07015074786617312,0.2711963373723466,0.9999999999999994
strong_coupling,8.370000000000001,0.07289175594670094,0.26788048837119466,0.9999999999999993
strong_coupling,8.38,0.07566688836092347,0.2645357967084031,0.9999999999999993
strong_coupling,8.39,0.07847486085523735,0.2611635862590343,0.9999999999999993
strong_coupling,8.4,0.08131437933636967,0.25776518872696863,0.9999999999999993
strong_coupling,8.41,0.08418414041697374,0.2543419430887793,0.9999999999999996
strong_coupling,8.42,0.08708283197327749,0.25089519502578006,0.9999999999999994
strong_coupling,8.43,0.09000913367733487,0.24742629638408614,0.9999999999999993
strong_coupling,8.44,0.09296171755230126,0.2439366046111416,0.9999999999999994
strong_coupling,8.45,0.09593924852315676,0.24042748219814183,0.9999999999999994
strong_coupling,8.46,0.09894038495644679,0.2369002961355284,0.9999999999999994
strong_coupling,8.47,0.10196377922706558,0.23335641733976287,0.9999999999999994
strong_coupling,8.48,0.10500807826993017,0.22979722009769465,0.9999999999999996
strong_coupling,8.49,0.10807192413357311,0.22622408150951334,0.9999999999999994
strong_coupling,8.5,0.11115395453466724,0.22263838092860647,0.9999999999999994
strong_coupling,8.51,0.11425280341357645,0.21904149940624942,0.9999999999999994
strong_coupling,8.52,0.1173671014893652,0.21543481913532433,0.9999999999999996
strong_coupling,8.53,0.12049547681514497,0.2118197228941173,0.9999999999999994
strong_coupling,8.540000000000001,0.12363655535584726,0.20819759347172898,0.9999999999999994
strong_coupling,8.55,0.12678896153485814,0.20456981312161368,0.9999999999999994
strong_coupling,8.56,0.12995131878593716,0.20093776301139002,0.9999999999999994
strong_coupling,8.57,0.13312225011603884,0.1973028226640496,0.9999999999999996
strong_coupling,8.58,0.13630037862174832,0.1936663694431171,0.9999999999999996
strong_coupling,8.59,0.1394843280415754,0.190029778005295,0.9999999999999996
strong_coupling,8.6,0.14267272332845296,0.1863944197352197,0.9999999999999996
strong_coupling,8.61,0.14586419117679827,0.18276166222361553,0.9999999999999996
strong_coupling,8.620000000000001,0.14905736059829597,0.17913286869946685,0.9999999999999997
strong_coupling,8.63,0.1522508634900202,0.17550939747050462,0.9999999999999996
strong_coupling,8.64,0.15544333512332964,0.17189260144161497,0.9999999999999997
strong_coupling,8.65,0.1586334147099264,0.16828382755906549,0.9999999999999996
strong_coupling,8.66,0.16181974592299952,0.16468441629939265,0.9999999999999996
strong_coupling,8.67,0.16500097739212677,0.16109570118480815,0.9999999999999996
strong_coupling,8.68,0.16817576328432618,0.15751900821525108,0.9999999999999996
strong_coupling,8.69,0.1713427638075601,0.15395565537712158,0.9999999999999996
strong_coupling,8.700000000000001,0.17450064573454266,0.15040695213281863,0.9999999999999996
strong_coupling,8.71,0.17764808294815343,0.14687419888931685,0.9999999999999994
strong_coupling,8.72,0.1807837569221298,0.14335868653254163,0.9999999999999996
strong_coupling,8.73,0.18390635723919646,0.13986169592482461,0.9999999999999996
strong_coupling,8.74,0.18701458209722,0.13638449741513964,0.9999999999999996
strong_coupling,8.75,0.1901071387985296,0.13292835036716846,0.9999999999999996
strong_coupling,8.76,0.19318274425434076,0.12949450267251836,0.9999999999999997
strong_coupling,8.77,0.19624012547297828,0.12608419028113438,0.9999999999999997
strong_coupling,8.78,0.19927802004267428,0.12269863673776234,0.9999999999999996
strong_coupling,8.790000000000001,0.20229517661452973,0.11933905271711794,0.9999999999999997
strong_coupling,8.8,0.20529035537253998,0.11600663557543564,0.9999999999999996
strong_coupling,8.81,0.20826232850014256,0.11270256890517838,0.9999999999999996
strong_coupling,8.82,0.2112098806422487,0.10942802209435376,0.9999999999999996
strong_coupling,8.83,0.21413180936856158,0.106184149887799,0.9999999999999996
strong_coupling,8.84,0.21702692562103634,0.10297209196227647,0.9999999999999996
strong_coupling,8.85,0.21989405415412447,0.0997929725092069,0.9999999999999996
strong_coupling,8.86,0.22273203397461658,0.09664789982018629,0.9999999999999998
strong_coupling,8.870000000000001,0.22553971875590204,0.09353796589567097,0.9999999999999998
strong_coupling,8.88,0.2283159772547524,0.0904642460532005,0.9999999999999997
strong_coupling,8.89,0.23105969373983687,0.08742779852733075,0.9999999999999997
strong_coupling,8.9,0.23376976838763275,0.08442966409907858,0.9999999999999997
strong_coupling,8.91,0.23644511770265356,0.08147086570368182,0.9999999999999997
strong_coupling,8.92,0.23908467494076752,0.07855240803623036,0.9999999999999998
strong_coupling,8.93,0.24168739044848567,0.07567527723870941,0.9999999999999997
strong_coupling,8.94,0.2442522320646451,0.07284044052802913,0.9999999999999998
strong_coupling,8.950000000000001,0.24677818547904917,0.07004884586657065,0.9999999999999997
strong_coupling,8.96,0.2492642545461481,0.0673014216775342,0.9999999999999997
strong_coupling,8.97,0.2517094616957641,0.06459907646562663,0.9999999999999996
strong_coupling,8.98,0.254112848254949,0.06194269852566964,0.9999999999999998
strong_coupling,8.99,0.25647347478545224,0.05933315563628153,0.9999999999999997
strong_coupling,9.0,0.2587904214609284,0.056771294714031195,0.9999999999999997
strong_coupling,9.01,0.26106278833558116,0.054257941577139125,0.9999999999999997
strong_coupling,9.02,0.26328969566660954,0.051793900655433364,0.9999999999999997
strong_coupling,9.03,0.2654702842209887,0.049379954716411344,0.9999999999999998
strong_coupling,9.040000000000001,0.2676037155452271,0.04701686462893878,0.9999999999999998
strong_coupling,9.05,0.2696891722677078,0.04470536909437804,0.9999999999999997
strong_coupling,9.06,0.2717258583724638,0.042446184406807363,0.9999999999999998
strong_coupling,9.07,0.27371299945988425,0.040240004226678644,0.9999999999999998
strong_coupling,9.08,0.27564984301460876,0.03808749934719899,0.9999999999999999
strong_coupling,9.09,0.2775356586452894,0.03598931748969091,0.9999999999999998
strong_coupling,9.1,0.2793697383179789,0.03394608310552775,0.9999999999999997
strong_coupling,9.11,0.2811513965866411,0.03195839718103193,0.9999999999999997
strong_coupling,9.120000000000001,0.28287997081096344,0.030026837055611832,0.9999999999999998
strong_coupling,9.13,0.28455482136452054,0.02815195624962554,0.9999999999999998
strong_coupling,9.14,0.2861753318331476,0.02633428430217117,0.9999999999999998
strong_coupling,9.15,0.28774090920319,0.024574326619431933,0.9999999999999997
strong_coupling,9.16,0.289250984041221,0.022872564331233664,0.9999999999999997
strong_coupling,9.17,0.290705010663461,0.021229454158151098,0.9999999999999998
strong_coupling,9.18,0.29210246729206074,0.019645428292861186,0.9999999999999997
strong_coupling,9.19,0.29344285620419436,0.01812089428786003,0.9999999999999997
strong_coupling,9.200000000000001,0.29472570387433467,0.01665623495081602,0.9999999999999997
strong_coupling,9.21,0.29595056111122786,0.0152518082458246,0.9999999999999998
strong_coupling,9.22,0.2971170031662776,0.01390794722157258,0.9999999999999998
strong_coupling,9.23,0.29822462984705456,0.012624959935975243,0.9999999999999998
strong_coupling,9.24,0.2992730656147186,0.011403129396364226,0.9999999999999999
strong_coupling,9.25,0.3002619596629459,0.010242713517265214,0.9999999999999999
strong_coupling,9.26,0.30119098600586025,0.009143945071543492,0.9999999999999998
strong_coupling,9.27,0.3020598435419946,0.008107031663937518,0.9999999999999998
strong_coupling,9.28,0.3028682561123001,0.007132155710893502,0.9999999999999999
strong_coupling,9.290000000000001,0.30361597256782974,0.006219474411581763,1.0
strong_coupling,9.3,0.3043027667899823,0.005369119764825006,0.9999999999999999
strong_coupling,9.31,0.30492843772118905,0.004581198576396686,0.9999999999999999
strong_coupling,9.32,0.30549280938548107,0.003855792476401773,1.0
strong_coupling,9.33,0.30599573088647947,0.0031929579586927955,0.9999999999999999
strong_coupling,9.34,0.3064370764112216,0.0025927264150057386,0.9999999999999999
strong_coupling,9.35,0.30681674521818914,0.0020551041845905784,0.9999999999999999
strong_coupling,9.36,0.30713466161187725,0.0015800726170710725,0.9999999999999999
strong_coupling,9.370000000000001,0.307390774919552,0.0011675881332205572,1.0
strong_coupling,9.38,0.30758505944536324,0.0008175823080660283,1.0
strong_coupling,9.39,0.3077175144132576,0.000529961965026346,1.0
strong_coupling,9.4,0.3077881639077741,0.00030460927212213994,1.0
strong_coupling,9.41,0.307797056802022,0.00014138185079471668,1.0
strong_coupling,9.42,0.3077442666758441,4.011289434455499e-05,1.0
strong_coupling,9.43,0.30762989172422806,6.112959023885782e-07,0.9999999999999999
strong_coupling,9.44,0.3074540546557854,2.2661786129007043e-05,1.0
strong_coupling,9.450000000000001,0.30721690258407086,0.00010602507787739208,0.9999999999999999
strong_coupling,9.46,0.3069186069103418,0.0002504380191850691,0.9999999999999999
strong_coupling,9.47,0.30655936318887234,0.00045561376331977035,1.0
strong_coupling,9.48,0.30613939098988674,0.0007212419410473264,0.9999999999999999
strong_coupling,9.49,0.30565893375122466,0.0010469888438477174,0.9999999999999999
strong_coupling,9.5,0.30511825862060066,0.0014324976162312477,0.9999999999999998
strong_coupling,9.51,0.3045176562896033,0.001877388456034182,0.9999999999999998
strong_coupling,9.52,0.3038574408259891,0.0023812588163518752,0.9999999999999999
strong_coupling,9.53,0.303137949480098,0.0029436836324168545,0.9999999999999999
strong_coupling,9.540000000000001,0.30235954249252484,0.0035642155472258687,0.9999999999999999
strong_coupling,9.55,0.30152260289277205,0.0042423851458127815,0.9999999999999999
strong_coupling,9.56,0.3006275362879234,0.004977701199077424,0.9999999999999999
strong_coupling,9.57,0.2996747706425374,0.005769650915998125,1.0
strong_coupling,9.58,0.29866475606389026,0.006617700190564657,0.9999999999999999
strong_coupling,9.59,0.2975979645622461,0.007521293872701597,1.0
strong_coupling,9.6,0.2964748897939964,0.008479856055592516,1.0
strong_coupling,9.61,0.29529604681605814,0.009492790351968951,0.9999999999999999
strong_coupling,9.620000000000001,0.29406197182506827,0.010559480184906532,0.9999999999999998
strong_coupling,9.63,0.29277322189829785,0.011679289076922294,0.9999999999999999
strong_coupling,9.64,0.29143037471616123,0.012851560956475473,0.9999999999999998
strong_coupling,9.65,0.29003402827021013,0.014075620478157861,0.9999999999999999
strong_coupling,9.66,0.2885848005766488,0.015350773337522033,0.9999999999999999
strong_coupling,9.67,0.28708332937780295,0.016676306597219925,1.0
strong_coupling,9.68,0.2855302718447614,0.018051489011919334,0.9999999999999999
strong_coupling,9.69,0.28392630426382487,0.019475571368389892,1.0
strong_coupling,9.700000000000001,0.2822721217100549,0.020947786837628744,1.0
strong_coupling,9.71,0.28056843772512224,0.02246735132275661,0.9999999999999999
strong_coupling,9.72,0.2788159839845407,0.024033463816758992,1.0
strong_coupling,9.73,0.27701550996536295,0.025645306759709646,1.0
strong_coupling,9.74,0.27516778260002445,0.027302046408738182,1.0
strong_coupling,9.75,0.27327358591920725,0.02900283321805653,1.0
strong_coupling,9.76,0.27133372069765377,0.0307468022161004,1.0
strong_coupling,9.77,0.2693490040908996,0.03253307339092866,1.0
strong_coupling,9.78,0.2673202692721889,0.034360752075315026,1.0
strong_coupling,9.790000000000001,0.26524836505749105,0.036228929342621785,1.0
strong_coupling,9.8,0.2631341555212356,0.03813668241102843,1.0000000000000002
strong_coupling,9.81,0.26097851961427726,0.04008307504550651,1.0
strong_coupling,9.82,0.2587823507741646,0.04206715796665117,1.0
strong_coupling,9.83,0.2565465565338884,0.04408796926097377,1.0
strong_coupling,9.84,0.25427205812220915,0.04614453479835826,1.0
strong_coupling,9.85,0.2519597900572651,0.04823586865523394,1.0
strong_coupling,9.86,0.24961069973996625,0.0503609735380232,1.0000000000000002
strong_coupling,9.870000000000001,0.24722574704166125,0.05251884121141022,1.0
strong_coupling,9.88,0.24480590389414952,0.054708452923850494,1.0
strong_coupling,9.89,0.2423521538689335,0.056928779842897445,1.0
strong_coupling,9.9,0.23986549174908162,0.05917878349709441,1.0000000000000002
strong_coupling,9.91,0.23734692310537017,0.06145741621320798,1.0
strong_coupling,9.92,0.2347974638664494,0.06376362155864436,1.0000000000000002
strong_coupling,9.93,0.23221813988686785,0.06609633478629759,1.0
strong_coupling,9.94,0.2296099865110832,0.06845448328165947,1.0
strong_coupling,9.950000000000001,0.22697404813416103,0.07083698701201746,1.0
strong_coupling,9.96,0.22431137776104285,0.0732427589775548,1.0
strong_coupling,9.97,0.22162303656297888,0.07567070566419096,1.0000000000000002
strong_coupling,9.98,0.2189100934315456,0.07811972749811216,1.0000000000000002
strong_coupling,9.99,0.21617362453075292,0.0805887193015418,1.0000000000000002
strong_coupling,10.0,0.21341471284731534,0.08307657074965433,1.0000000000000002
strong_coupling,10.01,0.21063444773898543,0.08558216682868192,1.0000000000000002
strong_coupling,10.02,0.20783392448142282,0.0881043882947858,1.0000000000000002
strong_coupling,10.03,0.20501424382389605,0.09064211212454207,1.0
strong_coupling,10.040000000000001,0.2021765115325986,0.09319421197581455,1.0000000000000002
strong_coupling,10.05,0.1993218379282028,0.09575955865312293,1.0000000000000002
strong_coupling,10.06,0.1964513374344113,0.09833702056263458,1.0000000000000002
strong_coupling,10.07,0.19356612812208815,0.10092546417041462,1.0000000000000002
strong_coupling,10.08,0.1906673312532159,0.10352375446014805,1.0000000000000002
strong_coupling,10.09,0.18775607082487622,0.10613075539013411,1.0000000000000002
strong_coupling,10.1,0.18483347311344903,0.10874533034935688,1.0000000000000002
strong_coupling,10.11,0.18190066621117373,0.11136634262074371,1.0
strong_coupling,10.120000000000001,0.17895877953471223,0.11399265587262739,1.0000000000000002
strong_coupling,10.13,0.17600894342191992,0.11662313455849117,1.0
strong_coupling,10.14,0.17305228866158393,0.11925664438520936,1.0000000000000002
strong_coupling,10.15,0.17008994603432717,0.12189205276908809,1.0
strong_coupling,10.16,0.1671230458584915,0.1245282292860935,1.0
strong_coupling,10.17,0.16415271753716906,0.12716404612022614,1.0
strong_coupling,10.18,0.16118008912241724,0.1297983784957274,1.0
strong_coupling,10.19,0.15820628688516072,0.1324301051033463,1.0
strong_coupling,10.200000000000001,0.15523243482329027,0.13505810858080533,1.0
strong_coupling,10.21,0.15225965423650947,0.13768127593285873,1.0
strong_coupling,10.22,0.14928906328552533,0.14029849896437532,1.0000000000000002
strong_coupling,10.23,0.1463217765529769,0.14290867471092222,1.0000000000000002
strong_coupling,10.24,0.14335890460706452,0.145510705865976,1.0000000000000002
strong_coupling,10.25,0.1404015535456371,0.1481035012296179,1.0000000000000002
strong_coupling,10.26,0.13745082457121288,0.15068597612238332,1.0000000000000002
strong_coupling,10.27,0.13450781358341368,0.153257052779382,1.0000000000000002
strong_coupling,10.28,0.1315736107408498,0.15581566077825987,1.0000000000000002
strong_coupling,10.290000000000001,0.12864930003883915,0.1583607374492421,1.0000000000000002
strong_coupling,10.3,0.1257359588907252,0.16089122828093871,1.0000000000000002
strong_coupling,10.31,0.12283465771288977,0.16340608732199458,1.0
strong_coupling,10.32,0.11994645951220455,0.16590427758321052,1.0
strong_coupling,10.33,0.11707241948059108,0.1683847714249578,1.0000000000000002
strong_coupling,10.34,0.1142135845925928,0.1708465509439692,1.0000000000000002
strong_coupling,10.35,0.11137099320680484,0.17328860835710674,1.0000000000000002
strong_coupling,10.36,0.10854567467235171,0.17570994637854662,1.0
strong_coupling,10.370000000000001,0.1057386489401851,0.1781095785915579,1.0000000000000002
strong_coupling,10.38,0.10295092617453554,0.18048652982015495,1.0
strong_coupling,10.39,0.10018350634679296,0.18283983652060465,1.0
strong_coupling,10.4,0.09743737889760395,0.1851685470962297,1.0000000000000002
strong_coupling,10.41,0.09471352235891346,0.18747172225743425,1.0000000000000002
strong_coupling,10.42,0.09201290398637588,0.18974843537020686,1.0000000000000002
strong_coupling,10.43,0.08933647940078664,0.19199777279464503,1.0
strong_coupling,10.44,0.08668519223529646,0.1942188342171732,1.0000000000000002
strong_coupling,10.450000000000001,0.08405997378091837,0.19641073298520212,1.0
strong_coupling,10.46,0.08146174263288791,0.19857259644128333,1.0
strong_coupling,10.47,0.0788914043807709,0.2007035662068739,1.0
strong_coupling,10.48,0.07634985126900859,0.20280279850105612,1.0000000000000002
strong_coupling,10.49,0.07383796187320489,0.20486946444152196,1.0
strong_coupling,10.5,0.07135660078362879,0.20690275033777886,1.0
strong_coupling,10.51,0.06890661829544184,0.2089018579771786,1.0
strong_coupling,10.52,0.0664888500809849,0.21086600493043828,1.0
strong_coupling,10.53,0.06410411689465635,0.21279442482207775,1.0
strong_coupling,10.540000000000001,0.06175322431216549,0.2146863675638667,1.0
strong_coupling,10.55,0.059436962430343535,0.21654109963105264,1.0000000000000002
strong_coupling,10.56,0.057156105590297906,0.21835790431355553,1.0000000000000002
strong_coupling,10.57,0.05491141210787608,0.22013608195947298,1.0
strong_coupling,10.58,0.052703624010511485,0.2218749502119095,1.0
strong_coupling,10.59,0.0505334667512401,0.2235738442705225,1.0
strong_coupling,10.6,0.04840164898650627,0.22523211708477453,1.0
strong_coupling,10.61,0.0463088623423818,0.2268491395598646,1.0
strong_coupling,10.620000000000001,0.044255781171992456,0.22842430077235695,1.0
strong_coupling,10.63,0.042243062329861074,0.22995700816791442,1.0
strong_coupling,10.64,0.040271344954190935,0.23144668775079405,1.0
strong_coupling,10.65,0.03834125025140395,0.23289278427109517,1.0
strong_coupling,10.66,0.036453381253633024,0.23429476144055175,1.0000000000000002
strong_coupling,10.67,0.034608322674754353,0.23565210204496947,1.0000000000000002
strong_coupling,10.68,0.03280664071333126,0.23696430811259434,1.0000000000000002
strong_coupling,10.69,0.031048882867351982,0.23823090107027675,1.0
strong_coupling,10.700000000000001,0.029335577763039362,0.23945142188505322,1.0000000000000002
strong_coupling,10.71,0.027667234992044792,0.24062543119713695,1.0
strong_coupling,10.72,0.02604434494371745,0.24175250945815013,1.0000000000000002
strong_coupling,10.73,0.024467378630305233,0.24283225707684034,1.0000000000000002
strong_coupling,10.74,0.02293678760013365,0.2438642944736007,1.0
strong_coupling,10.75,0.021453003787387372,0.2448482622009934,1.0
strong_coupling,10.76,0.020016439387704164,0.24578382103765792,1.0
strong_coupling,10.77,0.01862748674236025,0.24667065207347846,1.0000000000000002
strong_coupling,10.78,0.017286518204665927,0.24750845681311268,1.0000000000000002
strong_coupling,10.790000000000001,0.015993886066956918,0.24829695721747314,1.0000000000000002
strong_coupling,10.8,0.01474992247195232,0.2490358957613856,1.0000000000000002
strong_coupling,10.81,0.013554939325323017,0.24972503549015473,1.0000000000000002
strong_coupling,10.82,0.012409228222555987,0.25036416006162754,1.0000000000000002
strong_coupling,10.83,0.011313060372718977,0.25095307379148984,1.0000000000000002
strong_coupling,10.84,0.010266686537692762,0.25149160168295587,1.0000000000000004
strong_coupling,10.85,0.009270337001259434,0.2519795894262517,1.0000000000000002
strong_coupling,10.86,0.008324221520537623,0.2524169034161511,1.0000000000000002
strong_coupling,10.870000000000001,0.007428529294259651,0.25280343075254597,1.0000000000000002
strong_coupling,10.88,0.006583428936199799,0.2531390792359132,1.0000000000000002
strong_coupling,10.89,0.0057890684433814284,0.25342377736814503,1.0000000000000004
strong_coupling,10.9,0.005045575209742716,0.2536574743076636,1.0000000000000004
strong_coupling,10.91,0.004353056022122633,0.2538401398424863,1.0000000000000004
strong_coupling,10.92,0.003711597068116553,0.25397176435146357,1.0000000000000002
strong_coupling,10.93,0.003121263953738701,0.2540523587557781,1.0000000000000004
strong_coupling,10.94,0.0025821017170894805,0.2540819544744688,1.0000000000000004
strong_coupling,10.950000000000001,0.002094134869219137,0.25406060335296377,1.0000000000000004
strong_coupling,10.96,0.0016573674410470796,0.25398837758566356,1.0000000000000002
strong_coupling,10.97,0.0012717830297031098,0.2538653696391882,1.0000000000000002
strong_coupling,10.98,0.0009373448569956077,0.25369169216366083,1.0000000000000004
strong_coupling,10.99,0.0006539958304619111,0.2534674779015131,1.0000000000000004
strong_coupling,11.0,0.0004216586095506008,0.2531928795912986,1.0000000000000004
strong_coupling,11.01,0.00024023570294351472,0.252868069840755,1.0000000000000004
strong_coupling,11.02,0.00010960955253277892,0.2524932410132076,1.0000000000000004
strong_coupling,11.03,2.9642631047209786e-05,0.25206860510057844,1.0000000000000004
strong_coupling,11.040000000000001,1.7754665781999877e-07,0.25159439358960745,1.0000000000000004
strong_coupling,11.05,2.103714411670057e-05,0.2510708573315303,1.0000000000000004
strong_coupling,11.06,9.202463782319878e-05,0.2504982663805659,1.0000000000000004
strong_coupling,11.07,0.0002129237390836824,0.24987690983817817,1.0000000000000004
strong_coupling,11.08,0.0003834987902042366,0.24920709569074595,1.0000000000000004
strong_coupling,11.09,0.0006034949080563428,0.24848915063806928,1.0000000000000004
strong_coupling,11.1,0.0008726381261936623,0.24772341992335925,1.0000000000000004
strong_coupling,11.11,0.001190635553634367,0.24691026714710712,1.0000000000000004
strong_coupling,11.120000000000001,0.0015571755481985307,0.24605007406689752,1.0000000000000004
strong_coupling,11.13,0.0019719278842167893,0.2451432404028098,1.0000000000000004
strong_coupling,11.14,0.0024345439318733527,0.2441901836316291,1.0000000000000004
strong_coupling,11.15,0.0029446568406151195,0.24319133877720853,1.0000000000000004
strong_coupling,11.16,0.0035018817226598405,0.2421471582008099,1.0000000000000004
strong_coupling,11.17,0.00410581586609997,0.2410581113630716,1.0000000000000004
strong_coupling,11.18,0.004756038936995278,0.2399246845966661,1.0000000000000004
strong_coupling,11.19,0.005452113191655017,0.23874738086927305,1.0000000000000004
strong_coupling,11.200000000000001,0.006193583695738416,0.23752671954011906,1.0000000000000004
strong_coupling,11.21,0.0069799785397326,0.23626323612004918,1.0000000000000004
strong_coupling,11.22,0.007810809078540646,0.23495748200872785,1.0000000000000004
strong_coupling,11.23,0.00868557017114266,0.23361002423188013,1.0000000000000004
strong_coupling,11.24,0.009603740422155522,0.23222144517684715,1.0000000000000004
strong_coupling,11.25,0.010564782431867042,0.23079234232020698,1.0000000000000007
strong_coupling,11.26,0.011568143046957111,0.2293233279548248,1.0000000000000004
strong_coupling,11.27,0.012613253618110411,0.22781502891051642,1.0000000000000004
strong_coupling,11.28,0.013699530276730806,0.2262680862568652,1.0000000000000004
strong_coupling,11.290000000000001,0.014826374202829234,0.22468315501445446,1.0000000000000007
strong_coupling,11.3,0.01599317190262168,0.22306090385710992,1.0000000000000007
strong_coupling,11.31,0.017199295490117946,0.2214020148105221,1.0000000000000004
strong_coupling,11.32,0.01844410296634251,0.219707182953159,1.0000000000000004
strong_coupling,11.33,0.01972693852196433,0.21797711609560155,1.0000000000000004
strong_coupling,11.34,0.021047132832787304,0.21621253446662214,1.0000000000000004
strong_coupling,11.35,0.022404003360967397,0.21441417039410166,1.0000000000000004
strong_coupling,11.36,0.02379685466181041,0.2125827679809358,1.0000000000000004
strong_coupling,11.370000000000001,0.0252249786883237,0.21071908278307974,1.0000000000000004
strong_coupling,11.38,0.026687655109362787,0.20882388147535086,1.0000000000000004
strong_coupling,11.39,0.028184151632775163,0.20689794151282198,1.0000000000000004
strong_coupling,11.4,0.029713724326380662,0.2049420507943337,1.0000000000000004
strong_coupling,11.41,0.031275617945364466,0.20295700732034713,1.0000000000000004
strong_coupling,11.42,0.03286906626103028,0.20094361884969453,1.0000000000000004
strong_coupling,11.43,0.03449329239061771,0.19890270255551065,1.0000000000000004
strong_coupling,11.44,0.036147509143230866,0.19683508466701613,1.0000000000000004
strong_coupling,11.450000000000001,0.037830919358161436,0.19474160011821537,1.0000000000000004
strong_coupling,11.46,0.03954271624909769,0.19262309219156046,1.0000000000000004
strong_coupling,11.47,0.0412820837511988,0.190480412159267,1.0000000000000004
strong_coupling,11.48,0.04304819686573435,0.1883144189268546,1.0000000000000004
strong_coupling,11.49,0.04484022201813577,0.18612597866536143,1.0000000000000004
strong_coupling,11.5,0.04665731741337362,0.18391596444603717,1.0000000000000004
strong_coupling,11.51,0.04849863339279069,0.18168525587400203,1.0000000000000004
strong_coupling,11.52,0.05036331279426141,0.17943473871929358,1.0000000000000004
strong_coupling,11.53,0.05225049131127757,0.17716530454900176,1.0000000000000004
strong_coupling,11.540000000000001,0.05415929785655377,0.1748778503558897,1.0000000000000004
strong_coupling,11.55,0.056088854931839266,0.17257327818213364,1.0000000000000004
strong_coupling,11.56,0.05803827899343453,0.17025249474690282,1.0000000000000004
strong_coupling,11.57,0.0600066808211966,0.16791641107136654,1.0000000000000004
strong_coupling,11.58,0.06199316588872732,0.16556594210288741,1.0000000000000004
strong_coupling,11.59,0.06399683473411137,0.16320200633857693,1.0000000000000004
strong_coupling,11.6,0.06601678333379242,0.16082552544821713,1.0000000000000004
strong_coupling,11.61,0.06805210347590494,0.1584374238968821,1.0000000000000004
strong_coupling,11.620000000000001,0.07010188313466047,0.15603862856731468,1.0000000000000004
strong_coupling,11.63,0.0721652068452645,0.15363006838240711,1.0000000000000004
strong_coupling,11.64,0.07424115607261732,0.15121267393389345,1.0000000000000004
strong_coupling,11.65,0.07632880959111708,0.14878737710147008,1.0000000000000004
strong_coupling,11.66,0.07842724386202231,0.14635511067471457,1.0000000000000004
strong_coupling,11.67,0.08053553340690331,0.14391680797916057,1.0000000000000004
strong_coupling,11.68,0.08265275118269531,0.14147340250151477,1.0000000000000004
strong_coupling,11.69,0.08477796895898751,0.13902582751256,1.0000000000000004
strong_coupling,11.700000000000001,0.08691025769532285,0.1365750156904995,1.0000000000000004
strong_coupling,11.71,0.08904868790927258,0.13412189875629027,1.0000000000000004
strong_coupling,11.72,0.09119233005227763,0.13166740709961236,1.0000000000000004
strong_coupling,11.73,0.09334025488225937,0.12921246940923137,1.0000000000000004
strong_coupling,11.74,0.09549153383469232,0.12675801230546893,1.0000000000000004
strong_coupling,11.75,0.09764523938931671,0.12430495997752215,1.0000000000000004
strong_coupling,11.76,0.09980044544258221,0.12185423381577862,1.0000000000000004
strong_coupling,11.77,0.10195622767426164,0.11940675205042306,1.0000000000000004
strong_coupling,11.78,0.10411166391241666,0.11696342939225393,1.0000000000000004
strong_coupling,11.790000000000001,0.10626583449700132,0.11452517667542725,1.0000000000000004
strong_coupling,11.8,0.10841782264514822,0.11209290049762605,1.0000000000000004
strong_coupling,11.81,0.1105667148100519,0.10966750286887941,1.0000000000000004
strong_coupling,11.82,0.1127116010359462,0.10724988086548437,1.0000000000000004
strong_coupling,11.83,0.11485157531503504,0.10484092628079536,1.0000000000000004
strong_coupling,11.84,0.1169857359403778,0.10244152528119094,1.0000000000000004
strong_coupling,11.85,0.11911318585592168,0.10005255806545264,1.0000000000000004
strong_coupling,11.86,0.12123303300339248,0.09767489852786994,1.0000000000000004
strong_coupling,11.870000000000001,0.12334439066753043,0.0953094139232587,1.0000000000000004
strong_coupling,11.88,0.12544637781716625,0.09295696453686189,1.0000000000000004
strong_coupling,11.89,0.12753811944328788,0.0906184033577236,1.0000000000000004
strong_coupling,11.9,0.12961874689417816,0.08829457575539931,1.0000000000000004
strong_coupling,11.91,0.13168739821418132,0.08598631915199105,1.0000000000000002
strong_coupling,11.92,0.13374321846574283,0.08369446271423447,1.0000000000000004
strong_coupling,11.93,0.13578536005329725,0.08141982704300792,1.0000000000000004
strong_coupling,11.94,0.13781298304556594,0.07916322386441187,1.0000000000000002
strong_coupling,11.950000000000001,0.13982525549239966,0.07692545572708541,1.0000000000000004
strong_coupling,11.96,0.14182135374022922,0.07470731570129698,1.0000000000000004
strong_coupling,11.97,0.14380046274207245,0.07250958708395923,1.0000000000000004
strong_coupling,11.98,0.14576177635792925,0.07033304311384098,1.0000000000000004
strong_coupling,11.99,0.14770449765699045,0.06817844668523547,1.0000000000000004
strong_coupling,12.0,0.14962783921338577,0.06604655006857289,1.0000000000000004
bad_cavity,0.0,1.0,0.0,1.0
bad_cavity,0.020833333333333332,0.9991782237586749,0.00035355204437332346,1.0
bad_cavity,0.041666666666666664,0.9976507248519031,0.001159982746649047,1.0
bad_cavity,0.0625,0.9955525171755033,0.002155539649401605,1.0
bad_cavity,0.08333333333333333,0.992993799190306,0.0031864614500292307,1.0000000000000002
bad_cavity,0.10416666666666666,0.9900644165245444,0.0041678791357271225,1.0
bad_cavity,0.125,0.9868375550613813,0.005057346144651191,0.9999999999999999
bad_cavity,0.14583333333333331,0.9833727855265579,0.005837914463721381,1.0
bad_cavity,0.16666666666666666,0.9797185658776909,0.0065074173523170555,0.9999999999999998
bad_cavity,0.1875,0.9759142931149455,0.007071769495415621,0.9999999999999999
bad_cavity,0.20833333333333331,0.9719919824117642,0.007540852281895499,0.9999999999999999
bad_cavity,0.22916666666666666,0.9679776391415945,0.007926050080437168,1.0
bad_cavity,0.25,0.9638923785785009,0.008238830726480377,1.0000000000000002
bad_cavity,0.2708333333333333,0.9597533387614754,0.00848997727533696,1.0
bad_cavity,0.29166666666666663,0.9555744241270148,0.00868921866723046,1.0
bad_cavity,0.3125,0.951366910889411,0.008845098444743746,1.0
bad_cavity,0.3333333333333333,0.9471399396056154,0.008964979464611217,1.0
bad_cavity,0.35416666666666663,0.9429009157784799,0.009055121560008997,1.0
bad_cavity,0.375,0.9386558355535377,0.009120793584490371,1.0000000000000002
bad_cavity,0.3958333333333333,0.9344095504376339,0.009166396503490213,0.9999999999999999
bad_cavity,0.41666666666666663,0.9301659824084914,0.009195584857534037,1.0
bad_cavity,0.4375,0.9259282986779647,0.009211379500206255,1.0
bad_cavity,0.4583333333333333,0.9216990536549169,0.009216268529568099,0.9999999999999999
bad_cavity,0.47916666666666663,0.9174803042480089,0.009212295309196344,1.0
bad_cavity,0.5,0.9132737035081531,0.009201134209852737,0.9999999999999998
bad_cavity,0.5208333333333333,0.9090805766706849,0.0091841546965721,0.9999999999999999
bad_cavity,0.5416666666666666,0.9049019829024508,0.009162475203624145,0.9999999999999998
bad_cavity,0.5625,0.9007387654380608,0.00913700807578144,0.9999999999999997
bad_cavity,0.5833333333333333,0.8965915922855778,0.009108496741073514,0.9999999999999997
bad_cavity,0.6041666666666666,0.8924609892765287,0.009077546555255882,0.9999999999999996
bad_cavity,0.625,0.8883473668966683,0.009044650054908105,0.9999999999999996
bad_cavity,0.6458333333333333,0.8842510420697784,0.009010207829680254,0.9999999999999996
bad_cavity,0.6666666666666666,0.8801722558405076,0.008974545448483156,0.9999999999999998
bad_cavity,0.6875,0.8761111877309179,0.008937927448249911,0.9999999999999998
bad_cavity,0.7083333333333333,0.8720679673935259,0.008900568612198002,0.9999999999999999
bad_cavity,0.7291666666666666,0.8680426840726433,0.008862643333987714,0.9999999999999998
bad_cavity,0.75,0.8640353942834255,0.00882429311961341,0.9999999999999998
bad_cavity,0.7708333333333333,0.8600461280458136,0.008785632744037361,0.9999999999999999
bad_cavity,0.7916666666666666,0.856074893945079,0.00874675528597993,0.9999999999999998
bad_cavity,0.8125,0.8521216832390324,0.00870773617172845,1.0
bad_cavity,0.8333333333333333,0.8481864731917444,0.00866863645438415,0.9999999999999999
bad_cavity,0.8541666666666666,0.8442692297808173,0.008629505612454692,0.9999999999999999
bad_cavity,0.875,0.8403699098925442,0.008590383608769356,1.0
bad_cavity,0.8958333333333333,0.8364884631056047,0.008551302763847895,1.0000000000000002
bad_cavity,0.9166666666666666,0.8326248331374654,0.008512289158148705,1.0
bad_cavity,0.9375,0.8287789590185366,0.008473363803894051,1.0000000000000002
bad_cavity,0.9583333333333333,0.824950776044691,0.008434543567633242,1.0000000000000002
bad_cavity,0.9791666666666666,0.8211402165514398,0.008395842044068081,1.0000000000000004
bad_cavity,1.0,0.8173472105402502,0.008357270088507052,1.0000000000000004
bad_cavity,1.0208333333333333,0.8135716861878678,0.008318836368633297,1.0000000000000004
bad_cavity,1.0416666666666665,0.8098135702589863,0.008280547767308487,1.0000000000000007
bad_cavity,1.0625,0.8060727884408345,0.008242409701449294,1.0000000000000007
bad_cavity,1.0833333333333333,0.8023492656150497,0.008204426437874193,1.0000000000000007
bad_cavity,1.1041666666666665,0.798642926077395,0.008166601285060787,1.0000000000000007
bad_cavity,1.125,0.7949536937162234,0.008128936789753865,1.0000000000000007
bad_cavity,1.1458333333333333,0.7912814921566377,0.008091434857759542,1.0000000000000009
bad_cavity,1.1666666666666665,0.7876262448775256,0.00805409688377522,1.0000000000000007
bad_cavity,1.1875,0.7839878753062424,0.00801692385538803,1.0000000000000009
bad_cavity,1.2083333333333333,0.7803663068950079,0.007979916422864582,1.0000000000000009
bad_cavity,1.2291666666666665,0.7767614631829193,0.007943074985304208,1.0000000000000009
bad_cavity,1.25,0.7731732678453813,0.007906399701692763,1.000000000000001
bad_cavity,1.2708333333333333,0.7696016447347087,0.007869890576545597,1.0000000000000009
bad_cavity,1.2916666666666665,0.7660465179118822,0.007833547441171245,1.000000000000001
bad_cavity,1.3125,0.7625078116731071,0.007797370044650634,1.0000000000000009
bad_cavity,1.3333333333333333,0.7589854505698368,0.0077613580067048965,1.000000000000001
bad_cavity,1.3541666666666665,0.7554793594261972,0.007725510923413157,1.0000000000000013
bad_cavity,1.375,0.7519894633509399,0.007689828267849366,1.000000000000001
bad_cavity,1.3958333333333333,0.7485156877486173,0.0076543094822472,1.000000000000001
bad_cavity,1.4166666666666665,0.7450579583281418,0.007618954031980932,1.0000000000000009
bad_cavity,1.4375,0.741616201107808,0.007583761289545029,1.000000000000001
bad_cavity,1.4583333333333333,0.7381903424209197,0.007548730620867661,1.0000000000000009
bad_cavity,1.4791666666666665,0.7347803089192932,0.007513861379571748,1.0000000000000009
bad_cavity,1.5,0.731386027575547,0.007479152876774913,1.0000000000000007
bad_cavity,1.5208333333333333,0.7280074256854765,0.0074446044350265595,1.0000000000000007
bad_cavity,1.5416666666666665,0.724644430869218,0.007410215385848267,1.0000000000000009
bad_cavity,1.5625,0.7212969710714062,0.007375985018523332,1.0000000000000007
bad_cavity,1.5833333333333333,0.7179649745619515,0.0073419126299270245,1.0000000000000007
bad_cavity,1.6041666666666665,0.7146483699359564,0.007307997522970886,1.0000000000000009
bad_cavity,1.625,0.7113470861131166,0.0072742389810172324,1.0000000000000009
bad_cavity,1.6458333333333333,0.7080610523375089,0.007240636301258541,1.0000000000000007
bad_cavity,1.6666666666666665,0.7047901981769721,0.007207188805568231,1.0000000000000007
bad_cavity,1.6875,0.7015344535213741,0.007173895756299388,1.0000000000000009
bad_cavity,1.7083333333333333,0.6982937485826887,0.007140756460060372,1.0000000000000007
bad_cavity,1.7291666666666665,0.695068013893191,0.007107770196300082,1.0000000000000009
bad_cavity,1.75,0.6918571803051488,0.007074936299463125,1.0000000000000009
bad_cavity,1.7708333333333333,0.6886611789886551,0.0070422540647433465,1.0000000000000009
bad_cavity,1.7916666666666665,0.685479941430945,0.007009722803637152,1.0000000000000009
bad_cavity,1.8125,0.6823133994345684,0.006977341790922628,1.000000000000001
bad_cavity,1.8333333333333333,0.679161485116774,0.0069451103329867024,1.0000000000000009
bad_cavity,1.8541666666666665,0.676024130907954,0.0069130277461322935,1.0000000000000009
bad_cavity,1.875,0.6729012695504063,0.006881093367703697,1.0000000000000009
bad_cavity,1.8958333333333333,0.6697928340966521,0.006849306524752174,1.0000000000000009
bad_cavity,1.9166666666666665,0.6666987579079086,0.006817666518682036,1.000000000000001
bad_cavity,1.9375,0.6636189746530388,0.006786172657256892,1.000000000000001
bad_cavity,1.9583333333333333,0.6605534183072623,0.006754824263298856,1.000000000000001
bad_cavity,1.9791666666666665,0.6575020231506872,0.006723620666177561,1.000000000000001
bad_cavity,2.0,0.6544647237671545,0.0066925612239159375,1.000000000000001
bad_cavity,2.020833333333333,0.6514414550421983,0.006661645258490871,1.000000000000001
bad_cavity,2.0416666666666665,0.6484321521622785,0.006630872115626002,1.000000000000001
bad_cavity,2.0625,0.6454367506129425,0.0066002411193245725,1.000000000000001
bad_cavity,2.083333333333333,0.6424551861779,0.0065697516155212065,1.000000000000001
bad_cavity,2.1041666666666665,0.6394873949375771,0.0065394029642692475,1.0000000000000013
bad_cavity,2.125,0.6365333132674348,0.0065091945085823995,1.0000000000000013
bad_cavity,2.145833333333333,0.6335928778369687,0.0064791256092458695,1.0000000000000013
bad_cavity,2.1666666666666665,0.6306660256078939,0.006449195599736256,1.0000000000000013
bad_cavity,2.1875,0.6277526938334305,0.006419403847867318,1.0000000000000013
bad_cavity,2.208333333333333,0.6248528200564802,0.006389749708834804,1.000000000000001
bad_cavity,2.2291666666666665,0.6219663421086977,0.006360232564917918,1.0000000000000013
bad_cavity,2.25,0.619093198108662,0.006330851776915962,1.0000000000000016
bad_cavity,2.270833333333333,0.6162333264608688,0.006301606715021234,1.0000000000000013
bad_cavity,2.2916666666666665,0.6133866658542507,0.006272496743090964,1.0000000000000013
bad_cavity,2.3125,0.6105531552610579,0.006243521237635536,1.0000000000000013
bad_cavity,2.333333333333333,0.6077327339355195,0.0062146795847567325,1.0000000000000013
bad_cavity,2.3541666666666665,0.604925341412391,0.006185971165280199,1.0000000000000016
bad_cavity,2.375,0.6021309175058219,0.006157395370816542,1.0000000000000013
bad_cavity,2.395833333333333,0.5993494023076262,0.006128951560629405,1.0000000000000013
bad_cavity,2.4166666666666665,0.5965807361869845,0.006100639158140715,1.0000000000000013
bad_cavity,2.4375,0.5938248597882765,0.006072457563840088,1.0000000000000016
bad_cavity,2.458333333333333,0.5910817140296246,0.006044406137391546,1.0000000000000018
bad_cavity,2.4791666666666665,0.5883512401027,0.006016484302386931,1.0000000000000018
bad_cavity,2.5,0.5856333794704123,0.005988691443728113,1.0000000000000016
bad_cavity,2.520833333333333,0.5829280738661905,0.005961026959944657,1.0000000000000013
bad_cavity,2.5416666666666665,0.5802352652928716,0.005933490276660064,1.0000000000000016
bad_cavity,2.5625,0.5775548960209965,0.005906080801642275,1.0000000000000016
bad_cavity,2.583333333333333,0.5748869085876374,0.005878797930920584,1.0000000000000013
bad_cavity,2.6041666666666665,0.5722312457956882,0.0058516411000256756,1.0000000000000016
bad_cavity,2.625,0.5695878507119421,0.005824609715798305,1.0000000000000016
bad_cavity,2.645833333333333,0.5669566666662944,0.00579770319779117,1.0000000000000016
bad_cavity,2.6666666666666665,0.5643376372505885,0.0057709209842670755,1.0000000000000013
bad_cavity,2.6875,0.5617307063170115,0.005744262493412772,1.0000000000000013
bad_cavity,2.708333333333333,0.5591358179770545,0.0057177271394831366,1.000000000000001
bad_cavity,2.7291666666666665,0.5565529166007388,0.005691314374294765,1.000000000000001
bad_cavity,2.75,0.5539819468147075,0.00566502361707825,1.0000000000000016
bad_cavity,2.770833333333333,0.5514228535017534,0.00563885432456996,1.0000000000000016
bad_cavity,2.7916666666666665,0.548875581798778,0.00561280590684674,1.0000000000000016
bad_cavity,2.8125,0.5463400770965501,0.0055868778186970265,1.0000000000000016
bad_cavity,2.833333333333333,0.5438162850377734,0.005561069485205938,1.0000000000000018
bad_cavity,2.8541666666666665,0.5413041515167784,0.005535380385554867,1.0000000000000018
bad_cavity,2.875,0.5388036226774042,0.005509809959280348,1.0000000000000016
bad_cavity,2.895833333333333,0.536314644912524,0.005484357672733491,1.0000000000000013
bad_cavity,2.9166666666666665,0.5338371648621695,0.00545902294810265,1.0000000000000013
bad_cavity,2.9375,0.5313711294132322,0.005433805246054173,1.0000000000000013
bad_cavity,2.958333333333333,0.5289164856978719,0.005408704021396597,1.0000000000000016
bad_cavity,2.9791666666666665,0.5264731810927916,0.005383718763048297,1.0000000000000016
bad_cavity,3.0,0.5240411632174637,0.005358848930801464,1.0000000000000013
bad_cavity,3.020833333333333,0.5216203799334133,0.005334093995108477,1.0000000000000013
bad_cavity,3.0416666666666665,0.5192107793428618,0.005309453413755787,1.0000000000000013
bad_cavity,3.0625,0.5168123097878191,0.005284926651843061,1.000000000000001
bad_cavity,3.083333333333333,0.5144249198489339,0.005260513177561404,1.000000000000001
bad_cavity,3.1041666666666665,0.5120485583446404,0.005236212486696815,1.0000000000000013
bad_cavity,3.125,0.5096831743295872,0.005212024056193684,1.0000000000000016
bad_cavity,3.145833333333333,0.5073287170936981,0.005187947359093635,1.0000000000000016
bad_cavity,3.1666666666666665,0.5049851361612789,0.005163981883526776,1.0000000000000016
bad_cavity,3.1875,0.5026523812896352,0.005140127103312088,1.0000000000000013
bad_cavity,3.208333333333333,0.5003304024683961,0.0051163825171553065,1.0000000000000013
bad_cavity,3.2291666666666665,0.4980191499182528,0.005092747630189433,1.0000000000000016
bad_cavity,3.25,0.49571857408964176,0.005069221929476119,1.0000000000000016
bad_cavity,3.270833333333333,0.4934286256617346,0.005045804889128096,1.0000000000000016
bad_cavity,3.2916666666666665,0.49114925554203176,0.005022496033940353,1.0000000000000018
bad_cavity,3.3125,0.48888041486434075,0.004999294844642847,1.0000000000000016
bad_cavity,3.333333333333333,0.48662205498860805,0.004976200843829341,1.0000000000000016
bad_cavity,3.3541666666666665,0.4843741274993235,0.004953213541934085,1.0000000000000016
bad_cavity,3.375,0.4821365842042777,0.004930332417189831,1.0000000000000013
bad_cavity,3.395833333333333,0.4799093771341595,0.004907556977285417,1.0000000000000013
bad_cavity,3.4166666666666665,0.4776924585414381,0.00488488675062479,1.0000000000000013
bad_cavity,3.4375,0.47548578089892357,0.00486232124562323,1.000000000000001
bad_cavity,3.458333333333333,0.4732892968990967,0.0048398599847846386,1.0000000000000013
bad_cavity,3.4791666666666665,0.4711029594529147,0.004817502487148284,1.0000000000000013
bad_cavity,3.5,0.4689267216886547,0.004795248253839535,1.0000000000000013
bad_cavity,3.520833333333333,0.4667605369514879,0.0047730968247017246,1.000000000000001
bad_cavity,3.5416666666666665,0.46460435880188794,0.004751047720471669,1.0000000000000013
bad_cavity,3.5625,0.462458141015113,0.0047291004894416885,1.000000000000001
bad_cavity,3.583333333333333,0.46032183757951184,0.0047072546387029,1.0000000000000013
bad_cavity,3.6041666666666665,0.45819540269627157,0.004685509706028843,1.0000000000000013
bad_cavity,3.625,0.4560787907778848,0.004663865205838168,1.000000000000001
bad_cavity,3.645833333333333,0.453971956447873,0.004642320697797584,1.000000000000001
bad_cavity,3.6666666666666665,0.45187485453905873,0.004620875712958597,1.000000000000001
bad_cavity,3.6875,0.4497874400931486,0.004599529807666661,1.000000000000001
bad_cavity,3.708333333333333,0.447709668359126,0.004578282500612812,1.000000000000001
bad_cavity,3.7291666666666665,0.44564149479301934,0.004557133344007658,1.000000000000001
bad_cavity,3.75,0.4435828750565632,0.004536081885954007,1.000000000000001
bad_cavity,3.770833333333333,0.44153376501619485,0.004515127665386007,1.000000000000001
bad_cavity,3.7916666666666665,0.43949412074241795,0.004494270242242835,1.000000000000001
bad_cavity,3.8125,0.4374638985086613,0.004473509178033183,1.000000000000001
bad_cavity,3.833333333333333,0.435443054789975,0.004452843999919857,1.0000000000000013
bad_cavity,3.8541666666666665,0.43343154626307023,0.004432274295920379,1.0000000000000013
bad_cavity,3.875,0.4314293298043234,0.004411799610506701,1.000000000000001
bad_cavity,3.895833333333333,0.42943636248952133,0.004391419510085721,1.000000000000001
bad_cavity,3.9166666666666665,0.4274526015927435,0.004371133563689421,1.000000000000001
bad_cavity,3.9375,0.4254780045853808,0.004350941336594248,1.0000000000000013
bad_cavity,3.958333333333333,0.4235125291349995,0.00433084236832369,1.0000000000000013
bad_cavity,3.9791666666666665,0.421556133105218,0.004310836249415156,1.0000000000000013
bad_cavity,4.0,0.41960877455405887,0.004290922548511201,1.000000000000001
bad_cavity,4.020833333333333,0.4176704117333116,0.0042711008379978715,1.0000000000000009
bad_cavity,4.041666666666666,0.4157410030876594,0.004251370696170168,1.000000000000001
bad_cavity,4.0625,0.41382050725359815,0.004231731688564416,1.0000000000000013
bad_cavity,4.083333333333333,0.41190888305885826,0.004212183398153919,1.0000000000000013
bad_cavity,4.104166666666666,0.410006089521372,0.004192725410696366,1.000000000000001
bad_cavity,4.125,0.4081120858483764,0.004173357312860112,1.0000000000000013
bad_cavity,4.145833333333333,0.40622683143540733,0.004154078679388059,1.0000000000000013
bad_cavity,4.166666666666666,0.40435028586583965,0.004134889113289796,1.000000000000001
bad_cavity,4.1875,0.40248240890932174,0.004115788177425785,1.0000000000000013
bad_cavity,4.208333333333333,0.40062316052183466,0.0040967754846263195,1.000000000000001
bad_cavity,4.229166666666666,0.39877250084414456,0.004077850630315117,1.000000000000001
bad_cavity,4.25,0.39693039020111204,0.004059013208532402,1.000000000000001
bad_cavity,4.270833333333333,0.395096789100687,0.004040262796776377,1.000000000000001
bad_cavity,4.291666666666666,0.39327165823350224,0.004021598999082009,1.000000000000001
bad_cavity,4.3125,0.3914549584716487,0.0040030214086310655,1.0000000000000013
bad_cavity,4.333333333333333,0.38964665086819605,0.003984529642903483,1.0000000000000016
bad_cavity,4.354166666666666,0.38784669665594323,0.003966123303136241,1.0000000000000018
bad_cavity,4.375,0.38605505724669115,0.003947801984450623,1.0000000000000016
bad_cavity,4.395833333333333,0.3842716942306505,0.003929565298839056,1.000000000000002
bad_cavity,4.416666666666666,0.3824965693753507,0.0039114128489857545,1.0000000000000018
bad_cavity,4.4375,0.3807296446250812,0.003893344253817732,1.0000000000000018
bad_cavity,4.458333333333333,0.3789708820999187,0.0038753591330505,1.0000000000000018
bad_cavity,4.479166666666666,0.37722024409485755,0.003857457101684309,1.0000000000000018
bad_cavity,4.5,0.3754776930787941,0.0038396377496097314,1.0000000000000016
bad_cavity,4.520833333333333,0.3737431916945626,0.00382190072383956,1.0000000000000018
bad_cavity,4.541666666666666,0.37201670275714455,0.0038042456317508334,1.0000000000000018
bad_cavity,4.5625,0.37029818925355,0.0037866721073467765,1.0000000000000018
bad_cavity,4.583333333333333,0.36858761434162973,0.0037691797727371894,1.000000000000002
bad_cavity,4.604166666666666,0.3668849413492422,0.0037517682338989535,1.000000000000002
bad_cavity,4.625,0.36519013377380577,0.0037344371137442286,1.000000000000002
bad_cavity,4.645833333333333,0.36350315528157595,0.0037171860579799936,1.000000000000002
bad_cavity,4.666666666666666,0.36182396970645114,0.00370001469447634,1.000000000000002
bad_cavity,4.6875,0.36015254104940353,0.0036829226534382956,1.0000000000000018
bad_cavity,4.708333333333333,0.3584888334777486,0.003665909571407963,1.0000000000000018
bad_cavity,4.729166666666666,0.35683281132411226,0.0036489750653880357,1.000000000000002
bad_cavity,4.75,0.35518443908627656,0.003632118792547697,1.000000000000002
bad_cavity,4.770833333333333,0.3535436814257559,0.003615340385347948,1.0000000000000022
bad_cavity,4.791666666666666,0.35191050316754413,0.003598639500976167,1.0000000000000022
bad_cavity,4.8125,0.350284869298729,0.0035820157595194517,1.000000000000002
bad_cavity,4.833333333333333,0.3486667449684283,0.0035654688111039653,1.000000000000002
bad_cavity,4.854166666666666,0.34705609548654237,0.003548998287020045,1.0000000000000022
bad_cavity,4.875,0.3454528863235825,0.003532603855645833,1.0000000000000022
bad_cavity,4.895833333333333,0.3438570831092746,0.003516285158228923,1.000000000000002
bad_cavity,4.916666666666666,0.3422686516322982,0.003500041855473862,1.0000000000000022
bad_cavity,4.9375,0.34068755783905613,0.0034838735789171032,1.0000000000000022
bad_cavity,4.958333333333333,0.33911376783354696,0.0034677799898290332,1.0000000000000022
bad_cavity,4.979166666666666,0.33754724787619644,0.0034517607360262464,1.0000000000000022
bad_cavity,5.0,0.3359879643835368,0.0034358154911921708,1.0000000000000022
bad_cavity,5.020833333333333,0.3344358839269945,0.003419943906778312,1.000000000000002
bad_cavity,5.041666666666666,0.3328909732323634,0.0034041456304974896,1.000000000000002
bad_cavity,5.0625,0.33135319917946576,0.003388420343022395,1.0000000000000018
bad_cavity,5.083333333333333,0.32982252880090157,0.0033727677049775863,1.000000000000002
bad_cavity,5.104166666666666,0.32829892928139737,0.0033571873624821734,1.000000000000002
bad_cavity,5.125,0.3267823679577372,0.00334167900916487,1.000000000000002
bad_cavity,5.145833333333333,0.3252728123170501,0.003326242287097123,1.000000000000002
bad_cavity,5.166666666666666,0.3237702299969189,0.0033108768656617354,1.0000000000000018
bad_cavity,5.1875,0.3222745887845309,0.0032955824263214114,1.0000000000000018
bad_cavity,5.208333333333333,0.3207858566157087,0.0032803586353399613,1.000000000000002
bad_cavity,5.229166666666666,0.31930400157440936,0.003265205162060958,1.0000000000000018
bad_cavity,5.25,0.3178289918922937,0.003250121703667431,1.0000000000000016
bad_cavity,5.270833333333333,0.31636079594735295,0.0032351079174630037,1.0000000000000018
bad_cavity,5.291666666666666,0.3148993822638703,0.0032201634834320867,1.000000000000002
bad_cavity,5.3125,0.3134447195115962,0.003205288089566086,1.000000000000002
bad_cavity,5.333333333333333,0.3119967765048805,0.003190481412636115,1.000000000000002
bad_cavity,5.354166666666666,0.3105555222021744,0.0031757431349130802,1.000000000000002
bad_cavity,5.375,0.3091209257053954,0.003161072947101476,1.0000000000000022
bad_cavity,5.395833333333333,0.30769295625902904,0.0031464705252967897,1.000000000000002
bad_cavity,5.416666666666666,0.3062715832496808,0.0031319355515960737,1.0000000000000018
bad_cavity,5.4375,0.3048567762056478,0.003117467736400133,1.000000000000002
bad_cavity,5.458333333333333,0.3034485047954974,0.0031030667433399584,1.0000000000000022
bad_cavity,5.479166666666666,0.3020467388283466,0.0030887322801025985,1.0000000000000022
bad_cavity,5.5,0.3006514482525151,0.003074464030082707,1.000000000000002
bad_cavity,5.520833333333333,0.2992626031551895,0.0030602616824456524,1.000000000000002
bad_cavity,5.541666666666666,0.29788017376178577,0.003046124932578488,1.000000000000002
bad_cavity,5.5625,0.2965041304355289,0.003032053503346255,1.0000000000000022
bad_cavity,5.583333333333333,0.29513444367609104,0.003018047074062554,1.0000000000000022
bad_cavity,5.604166666666666,0.29377108411965225,0.003004105348252224,1.0000000000000022
bad_cavity,5.625,0.29241402253796517,0.0029902280237811703,1.0000000000000024
bad_cavity,5.645833333333333,0.29106322983781663,0.0029764148013952116,1.0000000000000022
bad_cavity,5.666666666666666,0.2897186770605259,0.002962665396704335,1.0000000000000022
bad_cavity,5.6875,0.2883803353810123,0.0029489795097551795,1.0000000000000022
bad_cavity,5.708333333333333,0.2870481761073873,0.0029353568454040667,1.000000000000002
bad_cavity,5.729166666666666,0.2857221706802701,0.0029217971067235396,1.000000000000002
bad_cavity,5.75,0.28440229067231976,0.002908300008990181,1.000000000000002
bad_cavity,5.770833333333333,0.28308850778733285,0.0028948652510592805,1.000000000000002
bad_cavity,5.791666666666666,0.28178079386019456,0.002881492569934379,1.0000000000000018
bad_cavity,5.8125,0.2804791208554072,0.0028681816558904904,1.0000000000000018
bad_cavity,5.833333333333333,0.2791834608672115,0.0028549322230684146,1.000000000000002
bad_cavity,5.854166666666666,0.27789378611874993,0.0028417439862376435,1.000000000000002
bad_cavity,5.875,0.27661006896162427,0.0028286166756777533,1.0000000000000018
bad_cavity,5.895833333333333,0.27533228187502784,0.002815550010311529,1.0000000000000018
bad_cavity,5.916666666666666,0.2740603974653384,0.002802543715568894,1.0000000000000018
bad_cavity,5.9375,0.2727943884652605,0.0027895974969702857,1.0000000000000016
bad_cavity,5.958333333333333,0.2715342277336393,0.0027767110790594633,1.0000000000000016
bad_cavity,5.979166666666666,0.27027988825475957,0.0027638841937247987,1.0000000000000013
bad_cavity,6.0,0.2690313431375812,0.0027511165621295227,1.0000000000000013
bad_cavity,6.020833333333333,0.26778856561540854,0.002738407918687592,1.0000000000000013
bad_cavity,6.041666666666666,0.2665515290450304,0.002725757983105181,1.0000000000000013
bad_cavity,6.0625,0.26532020690629193,0.0027131664743588963,1.0000000000000013
bad_cavity,6.083333333333333,0.26409457280167664,0.002700633125411432,1.0000000000000013
bad_cavity,6.104166666666666,0.2628746004557967,0.0026881576887061646,1.0000000000000013
bad_cavity,6.125,0.2616602637141732,0.002675739871981693,1.0000000000000013
bad_cavity,6.145833333333333,0.2604515365435451,0.002663379423251074,1.0000000000000013
bad_cavity,6.166666666666666,0.25924839303061764,0.0026510760630745894,1.0000000000000013
bad_cavity,6.1875,0.2580508073819279,0.00263882952568092,1.0000000000000013
bad_cavity,6.208333333333333,0.25685875392340196,0.0026266395696856637,1.0000000000000013
bad_cavity,6.229166666666666,0.25567220709937916,0.0026145059365900313,1.0000000000000016
bad_cavity,6.25,0.2544911414720666,0.0026024283509514107,1.0000000000000013
bad_cavity,6.270833333333333,0.25331553172137133,0.0025904065572933317,1.0000000000000016
bad_cavity,6.291666666666666,0.25214535264411037,0.0025784402959437964,1.0000000000000018
bad_cavity,6.3125,0.25098057915352817,0.002566529308677896,1.0000000000000016
bad_cavity,6.333333333333333,0.24982118627895125,0.002554673357535378,1.0000000000000016
bad_cavity,6.354166666666666,0.24866714916475663,0.0025428721762725255,1.0000000000000018
bad_cavity,6.375,0.2475184430701547,0.0025311255012617742,1.0000000000000018
bad_cavity,6.395833333333333,0.2463750433688148,0.0025194330867089818,1.0000000000000018
bad_cavity,6.416666666666666,0.24523692554817128,0.002507794688438044,1.0000000000000018
bad_cavity,6.4375,0.24410406520870678,0.002496210045172699,1.0000000000000018
bad_cavity,6.458333333333333,0.24297643806396485,0.0024846789309297145,1.0000000000000018
bad_cavity,6.479166666666666,0.2418540199392152,0.0024732010753812984,1.000000000000002
bad_cavity,6.5,0.24073678677152496,0.0024617762215367782,1.000000000000002
bad_cavity,6.520833333333333,0.23962471460956314,0.0024504041570327295,1.000000000000002
bad_cavity,6.541666666666666,0.23851777961219675,0.0024390846270510233,1.000000000000002
bad_cavity,6.5625,0.23741595804854185,0.0024278173893268027,1.000000000000002
bad_cavity,6.583333333333333,0.2363192262973926,0.0024166022080210595,1.000000000000002
bad_cavity,6.604166666666666,0.23522756084646046,0.0024054388288453337,1.000000000000002
bad_cavity,6.625,0.2341409382922334,0.0023943270145984977,1.000000000000002
bad_cavity,6.645833333333333,0.23305933533943793,0.0023832665415999296,1.000000000000002
bad_cavity,6.666666666666666,0.23198272880015383,0.002372257161963355,1.000000000000002
bad_cavity,6.6875,0.23091109559365827,0.0023612986369521125,1.000000000000002
bad_cavity,6.708333333333333,0.2298444127459183,0.002350390735738177,1.0000000000000022
bad_cavity,6.729166666666666,0.22878265738890355,0.0023395332163502285,1.0000000000000022
bad_cavity,6.75,0.22772580676032017,0.002328725847591254,1.0000000000000022
bad_cavity,6.770833333333333,0.22667383820320933,0.0023179684174781164,1.0000000000000022
bad_cavity,6.791666666666666,0.22562672916483137,0.0023072606716461157,1.0000000000000022
bad_cavity,6.8125,0.2245844571968485,0.002296602378467471,1.0000000000000022
bad_cavity,6.833333333333333,0.22354699995487395,0.002285993332018723,1.0000000000000022
bad_cavity,6.854166666666666,0.22251433519728162,0.002275433282535678,1.0000000000000024
bad_cavity,6.875,0.2214864407855986,0.002264922021407276,1.0000000000000022
bad_cavity,6.895833333333333,0.2204632946834738,0.0022544593267182582,1.0000000000000022
bad_cavity,6.916666666666666,0.2194448749561757,0.002244044960345114,1.0000000000000024
bad_cavity,6.9375,0.21843115977047092,0.0022336787020574324,1.0000000000000027
bad_cavity,6.958333333333333,0.21742212739404665,0.002223360338791917,1.0000000000000024
bad_cavity,6.979166666666666,0.21641775619470002,0.002213089630956783,1.0000000000000022
bad_cavity,7.0,0.21541802464048976,0.0022028663725877206,1.0000000000000022
bad_cavity,7.020833333333333,0.21442291129878133,0.0021926903431264415,1.0000000000000022
bad_cavity,7.041666666666666,0.21343239483585708,0.0021825613142069395,1.0000000000000024
bad_cavity,7.0625,0.21244645401670662,0.002172479073917112,1.0000000000000024
bad_cavity,7.083333333333333,0.21146506770442483,0.0021624434123709273,1.0000000000000024
bad_cavity,7.104166666666666,0.21048821485956637,0.0021524541029595452,1.0000000000000027
bad_cavity,7.125,0.20951587454005424,0.0021425109375038573,1.0000000000000027
bad_cavity,7.145833333333333,0.20854802590059543,0.002132613712970181,1.0000000000000027
bad_cavity,7.166666666666666,0.2075846481918263,0.0021227621916328006,1.0000000000000027
bad_cavity,7.1875,0.20662572076076746,0.002112956189051573,1.0000000000000024
bad_cavity,7.208333333333333,0.20567122304948401,0.002103195486315933,1.0000000000000027
bad_cavity,7.229166666666666,0.20472113459509264,0.0020934798738715256,1.0000000000000027
bad_cavity,7.25,0.2037754350292965,0.002083809148929897,1.0000000000000024
bad_cavity,7.270833333333333,0.2028341040778389,0.002074183104690172,1.0000000000000022
bad_cavity,7.291666666666666,0.20189712155988707,0.0020646015126510138,1.0000000000000024
bad_cavity,7.3125,0.20096446738824328,0.00205506418550549,1.0000000000000024
bad_cavity,7.333333333333333,0.20003612156830644,0.002045570917710582,1.0000000000000027
bad_cavity,7.354166666666666,0.19911206419781144,0.0020361215019516063,1.0000000000000027
bad_cavity,7.375,0.1981922754665042,0.002026715739036874,1.0000000000000027
bad_cavity,7.395833333333333,0.1972767356555367,0.002017353420284981,1.0000000000000027
bad_cavity,7.416666666666666,0.19636542513722982,0.0020080343456680854,1.0000000000000027
bad_cavity,7.4375,0.1954583243746327,0.0019987583218640326,1.0000000000000029
bad_cavity,7.458333333333333,0.19455541392100356,0.0019895251524446062,1.0000000000000029
bad_cavity,7.479166666666666,0.1936566744192889,0.0019803346276925653,1.000000000000003
bad_cavity,7.5,0.19276208660214583,0.0019711865673941393,1.0000000000000029
bad_cavity,7.520833333333333,0.19187163129086274,0.001962080755656338,1.000000000000003
bad_cavity,7.541666666666666,0.1909852893956881,0.0019530170132680406,1.000000000000003
bad_cavity,7.5625,0.19010304191502206,0.0019439951586800066,1.0000000000000029
bad_cavity,7.583333333333333,0.18922486993468893,0.0019350149766544052,1.0000000000000029
bad_cavity,7.604166666666666,0.18835075462807713,0.0019260762716393424,1.0000000000000027
bad_cavity,7.625,0.18748067725554454,0.0019171788490654604,1.0000000000000027
bad_cavity,7.645833333333333,0.1866146191640479,0.0019083225183829597,1.0000000000000024
bad_cavity,7.666666666666666,0.18575256178694657,0.0018995071129858634,1.0000000000000024
bad_cavity,7.6875,0.18489448664297095,0.0018907324282407786,1.0000000000000022
bad_cavity,7.708333333333333,0.18404037533643128,0.0018819982806483203,1.0000000000000027
bad_cavity,7.729166666666666,0.18319020955650717,0.001873304476943681,1.0000000000000027
bad_cavity,7.75,0.18234397107702147,0.001864650830352411,1.0000000000000029
bad_cavity,7.770833333333333,0.18150164175610706,0.0018560371662053174,1.0000000000000029
bad_cavity,7.791666666666666,0.18066320353553883,0.0018474632946668713,1.0000000000000027
bad_cavity,7.8125,0.1798286384405673,0.0018389290323012934,1.0000000000000027
bad_cavity,7.833333333333333,0.17899792857941768,0.0018304341907642663,1.0000000000000027
bad_cavity,7.854166666666666,0.17817105614304912,0.0018219785907687802,1.0000000000000024
bad_cavity,7.875,0.17734800340457452,0.0018135620426925144,1.0000000000000027
bad_cavity,7.895833333333333,0.17652875271932222,0.0018051843897485275,1.0000000000000027
bad_cavity,7.916666666666666,0.17571328652365523,0.0017968454295175806,1.0000000000000027
bad_cavity,7.9375,0.17490158733532338,0.001788544985211028,1.0000000000000027
bad_cavity,7.958333333333333,0.17409363775278539,0.0017802828759995982,1.0000000000000029
bad_cavity,7.979166666666666,0.17328942045500537,0.0017720589336153159,1.0000000000000029
bad_cavity,8.0,0.17248891820091916,0.0017638729864526011,1.0000000000000029
bad_cavity,8.020833333333332,0.17169211382910557,0.0017557248635730036,1.0000000000000027
bad_cavity,8.041666666666666,0.17089899025722313,0.0017476143756115503,1.0000000000000029
bad_cavity,8.0625,0.17010953048200736,0.0017395413502909293,1.0000000000000029
bad_cavity,8.083333333333332,0.16932371757878958,0.0017315056210070376,1.0000000000000029
bad_cavity,8.104166666666666,0.16854153470098385,0.0017235070121823309,1.0000000000000027
bad_cavity,8.125,0.16776296507995564,0.001715545361678532,1.0000000000000029
bad_cavity,8.145833333333332,0.16698799202435852,0.0017076204911210516,1.0000000000000029
bad_cavity,8.166666666666666,0.16621659891991913,0.0016997322198552915,1.0000000000000027
bad_cavity,8.1875,0.16544876922927035,0.0016918803834365776,1.0000000000000027
bad_cavity,8.208333333333332,0.16468448649156128,0.0016840648301794188,1.0000000000000024
bad_cavity,8.229166666666666,0.16392373432160048,0.0016762853718769093,1.0000000000000022
bad_cavity,8.25,0.163166496410193,0.001668541851103993,1.0000000000000022
bad_cavity,8.270833333333332,0.16241275652323792,0.0016608340871314812,1.000000000000002
bad_cavity,8.291666666666666,0.16166249850203043,0.0016531619395666176,1.000000000000002
bad_cavity,8.3125,0.16091570626213314,0.0016455252317609964,1.000000000000002
bad_cavity,8.333333333333332,0.16017236379364616,0.001637923810979203,1.000000000000002
bad_cavity,8.354166666666666,0.15943245516051174,0.0016303575140024305,1.000000000000002
bad_cavity,8.375,0.1586959645001158,0.0016228261614810743,1.000000000000002
bad_cavity,8.395833333333332,0.15796287602326348,0.0016153295888669808,1.000000000000002
bad_cavity,8.416666666666666,0.15723317401387454,0.0016078676497068623,1.000000000000002
bad_cavity,8.4375,0.15650684282830007,0.0016004401817317072,1.0000000000000018
bad_cavity,8.458333333333332,0.15578386689517473,0.0015930470252422703,1.0000000000000018
bad_cavity,8.479166666666666,0.15506423071509162,0.001585688023954787,1.000000000000002
bad_cavity,8.5,0.15434791886006327,0.0015783630047586973,1.000000000000002
bad_cavity,8.520833333333332,0.1536349159736373,0.0015710718213631327,1.000000000000002
bad_cavity,8.541666666666666,0.15292520677029786,0.0015638143280046928,1.0000000000000018
bad_cavity,8.5625,0.15221877603497105,0.0015565903630577066,1.000000000000002
bad_cavity,8.583333333333332,0.1515156086228501,0.001549399763875813,1.0000000000000018
bad_cavity,8.604166666666666,0.1508156894592963,0.0015422423888526461,1.000000000000002
bad_cavity,8.625,0.15011900353905758,0.0015351180725771119,1.000000000000002
bad_cavity,8.645833333333332,0.14942553592646937,0.0015280266769526639,1.0000000000000018
bad_cavity,8.666666666666666,0.14873527175451517,0.0015209680306446577,1.0000000000000018
bad_cavity,8.6875,0.14804819622523008,0.0015139419996799608,1.0000000000000018
bad_cavity,8.708333333333332,0.14736429460865347,0.0015069484160599824,1.0000000000000016
bad_cavity,8.729166666666666,0.14668355224297175,0.001499987122633544,1.0000000000000018
bad_cavity,8.75,0.14600595453444262,0.0014930579963638264,1.0000000000000018
bad_cavity,8.770833333333332,0.14533148695645046,0.0014861608865838908,1.0000000000000018
bad_cavity,8.791666666666666,0.14466013504941472,0.0014792956365079052,1.0000000000000018
bad_cavity,8.8125,0.1439918844206965,0.0014724621043474733,1.0000000000000016
bad_cavity,8.833333333333332,0.1433267207439968,0.0014656601346820692,1.0000000000000016
bad_cavity,8.854166666666666,0.14266462975929942,0.0014588895829086655,1.0000000000000016
bad_cavity,8.875,0.1420055972726044,0.0014521503190431913,1.0000000000000018
bad_cavity,8.895833333333332,0.14134960915522043,0.0014454421882815047,1.0000000000000016
bad_cavity,8.916666666666666,0.14069665134375944,0.0014387650401188167,1.0000000000000016
bad_cavity,8.9375,0.14004670983991102,0.0014321187357209542,1.0000000000000016
bad_cavity,8.958333333333332,0.1393997707099783,0.0014255031319291504,1.0000000000000016
bad_cavity,8.979166666666666,0.13875582008458692,0.0014189180819809903,1.0000000000000016
bad_cavity,9.0,0.13811484415870456,0.0014123634664979876,1.0000000000000016
bad_cavity,9.020833333333332,0.13747682919060553,0.0014058391211771847,1.0000000000000013
bad_cavity,9.041666666666666,0.13684176150221755,0.0013993448995173422,1.0000000000000013
bad_cavity,9.0625,0.1362096274789949,0.0013928806890565494,1.0000000000000013
bad_cavity,9.083333333333332,0.13558041356884418,0.001386446334880061,1.0000000000000016
bad_cavity,9.104166666666666,0.13495410628253862,0.0013800417085635178,1.0000000000000013
bad_cavity,9.125,0.13433069219311025,0.0013736666769790158,1.0000000000000013
bad_cavity,9.145833333333332,0.1337101579354389,0.001367321090254235,1.0000000000000016
bad_cavity,9.166666666666666,0.13309249020644992,0.0013610048291528246,1.0000000000000013
bad_cavity,9.1875,0.1324776757640526,0.001354717729110215,1.0000000000000016
bad_cavity,9.208333333333332,0.13186570142783938,0.001348459676380926,1.0000000000000013
bad_cavity,9.229166666666666,0.1312565540780584,0.0013422305352101592,1.0000000000000013
bad_cavity,9.25,0.1306502206554499,0.0013360301593204355,1.0000000000000013
bad_cavity,9.270833333333332,0.13004668816132056,0.0013298584265519387,1.0000000000000016
bad_cavity,9.291666666666666,0.12944594365691803,0.0013237152049735501,1.0000000000000016
bad_cavity,9.3125,0.12884797426322303,0.0013176003596545968,1.0000000000000016
bad_cavity,9.333333333333332,0.1282527671608368,0.0013115137686320806,1.0000000000000018
bad_cavity,9.354166666666666,0.12766030958945376,0.0013054552982832428,1.0000000000000018
bad_cavity,9.375,0.12707058884758174,0.0012994248026382367,1.0000000000000018
bad_cavity,9.395833333333332,0.12648359229277334,0.0012934221726704231,1.0000000000000016
bad_cavity,9.416666666666666,0.12589930734078209,0.001287447280286952,1.0000000000000016
bad_cavity,9.4375,0.12531772146529604,0.0012814999786454244,1.0000000000000016
bad_cavity,9.458333333333332,0.12473882219827848,0.0012755801616979592,1.0000000000000016
bad_cavity,9.479166666666666,0.12416259712888597,0.0012696876845964488,1.0000000000000016
bad_cavity,9.5,0.12358903390376302,0.0012638224184427058,1.0000000000000016
bad_cavity,9.520833333333332,0.12301812022676965,0.0012579842495952173,1.0000000000000013
bad_cavity,9.541666666666666,0.12244984385824646,0.0012521730335673215,1.0000000000000013
bad_cavity,9.5625,0.12188419261564269,0.0012463886820851245,1.0000000000000016
bad_cavity,9.583333333333332,0.12132115437208034,0.001240631048220815,1.0000000000000016
bad_cavity,9.604166666666666,0.12076071705695246,0.0012349000103326266,1.0000000000000016
bad_cavity,9.625,0.1202028686554954,0.001229195455520128,1.0000000000000018
bad_cavity,9.645833333333332,0.11964759720818383,0.0012235172456456418,1.000000000000002
bad_cavity,9.666666666666666,0.11909489081100712,0.0012178652694561755,1.000000000000002
bad_cavity,9.6875,0.1185447376148324,0.0012122394052286138,1.000000000000002
bad_cavity,9.708333333333332,0.11799712582516493,0.0012066395221734987,1.000000000000002
bad_cavity,9.729166666666666,0.11745204370215115,0.0012010655054837524,1.000000000000002
bad_cavity,9.75,0.11690947956019625,0.001195517243513864,1.000000000000002
bad_cavity,9.770833333333332,0.1163694217674776,0.0011899946047083591,1.0000000000000018
bad_cavity,9.791666666666666,0.11583185874607628,0.0011844974748622566,1.0000000000000018
bad_cavity,9.8125,0.1152967789716314,0.0011790257475558805,1.0000000000000018
bad_cavity,9.833333333333332,0.11476417097265595,0.0011735792814272733,1.0000000000000018
bad_cavity,9.854166666666666,0.11423402333114584,0.0011681579837874282,1.0000000000000018
bad_cavity,9.875,0.11370632468154412,0.0011627617332473817,1.0000000000000018
bad_cavity,9.895833333333332,0.11318106371081105,0.0011573904103935812,1.0000000000000018
bad_cavity,9.916666666666666,0.11265822915840581,0.001152043919744691,1.0000000000000018
bad_cavity,9.9375,0.1121378098152094,0.0011467221079885155,1.0000000000000018
bad_cavity,9.958333333333332,0.11161979452448162,0.0011414248810777293,1.0000000000000018
bad_cavity,9.979166666666666,0.11110417218076846,0.0011361521207869138,1.0000000000000018
bad_cavity,10.0,0.11059093172993018,0.0011309037107046303,1.0000000000000018
bad_cavity,10.020833333333332,0.1100800621691152,0.0011256795568831757,1.0000000000000022
bad_cavity,10.041666666666666,0.1095715525459462,0.0011204795312977972,1.000000000000002
bad_cavity,10.0625,0.10906539195881959,0.0011153035240905754,1.0000000000000018
bad_cavity,10.083333333333332,0.10856156955654682,0.0011101514313416963,1.0000000000000018
bad_cavity,10.104166666666666,0.10806007453795748,0.001105023139018349,1.0000000000000018
bad_cavity,10.125,0.1075608961518106,0.0010999185369367722,1.0000000000000018
bad_cavity,10.145833333333332,0.10706402369658986,0.0010948375212556207,1.0000000000000018
bad_cavity,10.166666666666666,0.10656944652007685,0.0010897799752107435,1.0000000000000016
bad_cavity,10.1875,0.10607715401929899,0.0010847457863231572,1.0000000000000016
bad_cavity,10.208333333333332,0.10558713564049298,0.0010797348650592722,1.0000000000000013
bad_cavity,10.229166666666666,0.10509938087823702,0.0010747470821101967,1.0000000000000016
bad_cavity,10.25,0.10461387927600156,0.0010697823442459094,1.0000000000000013
bad_cavity,10.270833333333332,0.10413062042534191,0.0010648405372855616,1.0000000000000016
bad_cavity,10.291666666666666,0.10364959396581572,0.0010599215398739146,1.0000000000000016
bad_cavity,10.3125,0.10317078958530271,0.0010550252764280088,1.0000000000000016
bad_cavity,10.333333333333332,0.10269419701893572,0.0010501516342399989,1.0000000000000016
bad_cavity,10.354166666666666,0.10221980604938596,0.0010453005128933785,1.0000000000000016
bad_cavity,10.375,0.10174760650648212,0.0010404718084174216,1.0000000000000016
bad_cavity,10.395833333333332,0.10127758826681954,0.0010356653964059546,1.0000000000000018
bad_cavity,10.416666666666666,0.10080974125413873,0.0010308811902439451,1.0000000000000018
bad_cavity,10.4375,0.1003440554385453,0.0010261190859450222,1.0000000000000018
bad_cavity,10.458333333333332,0.09988052083646996,0.0010213789792629126,1.0000000000000018
bad_cavity,10.479166666666666,0.09941912751051275,0.001016660771404319,1.0000000000000016
bad_cavity,10.5,0.0989598655690708,0.0010119643534357073,1.0000000000000016
bad_cavity,10.520833333333332,0.09850272516633425,0.0010072896266240525,1.0000000000000018
bad_cavity,10.541666666666666,0.09804769650200505,0.0010026364956063447,1.0000000000000016
bad_cavity,10.5625,0.0975947698210334,0.0009980048631103666,1.0000000000000018
bad_cavity,10.583333333333332,0.09714393541331283,0.000993394620618108,1.0000000000000016
bad_cavity,10.604166666666666,0.09669518361382859,0.0009888056832396547,1.0000000000000016
bad_cavity,10.625,0.09624850480187742,0.0009842379336491313,1.0000000000000018
bad_cavity,10.645833333333332,0.09580388940155386,0.0009796912898088117,1.0000000000000018
bad_cavity,10.666666666666666,0.09536132788113727,0.0009751656651309254,1.0000000000000018
bad_cavity,10.6875,0.09492081075264537,0.0009706609447647071,1.0000000000000016
bad_cavity,10.708333333333332,0.09448232857205767,0.0009661770273475547,1.0000000000000016
bad_cavity,10.729166666666666,0.09404587193900381,0.000961713814335166,1.0000000000000016
bad_cavity,10.75,0.09361143149656553,0.0009572712103170862,1.0000000000000018
bad_cavity,10.770833333333332,0.09317899793125482,0.0009528491405155886,1.0000000000000016
bad_cavity,10.791666666666666,0.09274856197226669,0.0009484474972339073,1.0000000000000016
bad_cavity,10.8125,0.09232011439180177,0.0009440661908257848,1.0000000000000016
bad_cavity,10.833333333333332,0.09189364600456555,0.0009397051200857051,1.0000000000000018
bad_cavity,10.854166666666666,0.0914691476677724,0.0009353641918802126,1.0000000000000016
bad_cavity,10.875,0.09104661028101171,0.000931043327240002,1.0000000000000016
bad_cavity,10.895833333333332,0.0906260247856561,0.0009267424225462005,1.0000000000000018
bad_cavity,10.916666666666666,0.0902073821650582,0.0009224613877914575,1.0000000000000016
bad_cavity,10.9375,0.08979067344409665,0.0009182001210463,1.0000000000000018
bad_cavity,10.958333333333332,0.08937588968926298,0.000913958535795111,1.0000000000000016
bad_cavity,10.979166666666666,0.08896302200828801,0.0009097365431311853,1.0000000000000016
bad_cavity,11.0,0.08855206155000052,0.0009055340565550698,1.0000000000000016
bad_cavity,11.020833333333332,0.08814299950402128,0.0009013509806289372,1.0000000000000016
bad_cavity,11.041666666666666,0.08773582710083044,0.0008971872360250297,1.0000000000000016
bad_cavity,11.0625,0.08733053561110117,0.0008930427127455524,1.0000000000000016
bad_cavity,11.083333333333332,0.08692711634623641,0.0008889173409074167,1.0000000000000016
bad_cavity,11.104166666666666,0.08652556065759072,0.0008848110328761267,1.0000000000000018
bad_cavity,11.125,0.08612585993647011,0.0008807237013634472,1.0000000000000016
bad_cavity,11.145833333333332,0.08572800561382354,0.0008766552473004017,1.0000000000000018
bad_cavity,11.166666666666666,0.08533198916030603,0.0008726055839906742,1.0000000000000018
bad_cavity,11.1875,0.08493780208591963,0.0008685746198641513,1.0000000000000016
bad_cavity,11.208333333333332,0.08454543594006665,0.0008645622814870941,1.0000000000000016
bad_cavity,11.229166666666666,0.08415488231103614,0.0008605684810629058,1.0000000000000016
bad_cavity,11.25,0.08376613282589951,0.0008565931238420233,1.0000000000000016
bad_cavity,11.270833333333332,0.08337917915051235,0.0008526361258673161,1.0000000000000013
bad_cavity,11.291666666666666,0.08299401298925398,0.0008486974059742058,1.0000000000000013
bad_cavity,11.3125,0.0826106260848671,0.0008447768874906061,1.0000000000000013
bad_cavity,11.333333333333332,0.08222901021811016,0.0008408744815515688,1.0000000000000013
bad_cavity,11.354166666666666,0.081849157207795,0.0008369901080313376,1.000000000000001
bad_cavity,11.375,0.08147105891042766,0.0008331236775309017,1.0000000000000013
bad_cavity,11.395833333333332,0.08109470722016,0.0008292751037422112,1.0000000000000013
bad_cavity,11.416666666666666,0.08072009406859736,0.0008254443016355043,1.0000000000000013
bad_cavity,11.4375,0.08034721142486095,0.0008216312104584756,1.0000000000000016
bad_cavity,11.458333333333332,0.07997605129471978,0.0008178357256836009,1.0000000000000016
bad_cavity,11.479166666666666,0.0796066057211305,0.0008140577685702861,1.0000000000000018
bad_cavity,11.5,0.07923886678372762,0.0008102972529814244,1.0000000000000016
bad_cavity,11.520833333333332,0.07887282659898875,0.00080655411814023,1.0000000000000016
bad_cavity,11.541666666666666,0.07850847731956385,0.0008028282795892051,1.0000000000000016
bad_cavity,11.5625,0.07814581113442917,0.0007991196606595613,1.0000000000000016
bad_cavity,11.583333333333332,0.07778482026853759,0.0007954281746749472,1.0000000000000016
bad_cavity,11.604166666666666,0.07742549698276913,0.0007917537364073046,1.0000000000000016
bad_cavity,11.625,0.07706783357377461,0.0007880962630043724,1.0000000000000016
bad_cavity,11.645833333333332,0.0767118223739698,0.0007844556895636289,1.0000000000000016
bad_cavity,11.666666666666666,0.07635745575103936,0.0007808319367131862,1.0000000000000016
bad_cavity,11.6875,0.07600472610788155,0.0007772249211800564,1.0000000000000018
bad_cavity,11.708333333333332,0.07565362588257633,0.0007736345686153563,1.0000000000000016
bad_cavity,11.729166666666666,0.07530414754800939,0.0007700607926707423,1.0000000000000018
bad_cavity,11.75,0.07495628361200826,0.0007665035240886404,1.0000000000000016
bad_cavity,11.770833333333332,0.0746100266170408,0.0007629626969202758,1.0000000000000018
bad_cavity,11.791666666666666,0.07426536913986996,0.0007594382304091916,1.0000000000000018
bad_cavity,11.8125,0.07392230379145383,0.0007559300347630212,1.0000000000000018
bad_cavity,11.833333333333332,0.07358082321721374,0.0007524380528590518,1.0000000000000016
bad_cavity,11.854166666666666,0.07324092009626812,0.0007489622007627257,1.0000000000000016
bad_cavity,11.875,0.07290258714178907,0.0007455024179200129,1.0000000000000013
bad_cavity,11.895833333333332,0.0725658171002369,0.0007420586075872722,1.0000000000000013
bad_cavity,11.916666666666666,0.07223060275193169,0.000738630707926858,1.0000000000000013
bad_cavity,11.9375,0.07189693691030974,0.000735218634433051,1.0000000000000016
bad_cavity,11.958333333333332,0.07156481242211034,0.0007318223132534252,1.0000000000000016
bad_cavity,11.979166666666666,0.07123422216729694,0.0007284416884902139,1.0000000000000016
bad_cavity,12.0,0.0709051590585786,0.0007250766903069816,1.0000000000000016
bad_cavity,12.020833333333332,0.07057761604124432,0.0007217272335977874,1.0000000000000016
bad_cavity,12.041666666666666,0.07025158609332978,0.0007183932490835294,1.0000000000000018
bad_cavity,12.0625,0.06992706222528118,0.0007150746651582847,1.0000000000000018
bad_cavity,12.083333333333332,0.06960403747991241,0.000711771418335394,1.0000000000000018
bad_cavity,12.104166666666666,0.06928250493200747,0.0007084834289749267,1.0000000000000018
bad_cavity,12.125,0.06896245768842559,0.0007052106260710185,1.0000000000000016
bad_cavity,12.145833333333332,0.06864388888790861,0.0007019529428508614,1.0000000000000018
bad_cavity,12.166666666666666,0.06832679170073573,0.0006987102974309493,1.000000000000002
bad_cavity,12.1875,0.06801115932894962,0.0006954826292070828,1.000000000000002
bad_cavity,12.208333333333332,0.06769698500601468,0.0006922698797038981,1.000000000000002
bad_cavity,12.229166666666666,0.06738426199648495,0.0006890719742953309,1.000000000000002
bad_cavity,12.25,0.06707298359598254,0.00068588883418474,1.000000000000002
bad_cavity,12.270833333333332,0.06676314313135294,0.0006827204056660568,1.000000000000002
bad_cavity,12.291666666666666,0.06645473395995176,0.0006795666043734308,1.000000000000002
bad_cavity,12.3125,0.06614774947016049,0.0006764273796123193,1.000000000000002
bad_cavity,12.333333333333332,0.06584218308080739,0.0006733026716139215,1.000000000000002
bad_cavity,12.354166666666666,0.06553802824079101,0.000670192388500267,1.0000000000000022
bad_cavity,12.375,0.06523527842955806,0.0006670964667615213,1.000000000000002
bad_cavity,12.395833333333332,0.06493392715671623,0.0006640148470341223,1.0000000000000018
bad_cavity,12.416666666666666,0.06463396796173207,0.0006609474582002809,1.0000000000000018
bad_cavity,12.4375,0.06433539441405925,0.0006578942434443353,1.0000000000000018
bad_cavity,12.458333333333332,0.064038200112625,0.0006548551235221119,1.0000000000000018
bad_cavity,12.479166666666666,0.06374237868624215,0.0006518300504754169,1.0000000000000018
bad_cavity,12.5,0.0634479237928804,0.0006488189497207462,1.000000000000002
bad_cavity,12.520833333333332,0.06315482911989825,0.0006458217560164961,1.000000000000002
bad_cavity,12.541666666666666,0.06286308838397002,0.000642838419580661,1.000000000000002
bad_cavity,12.5625,0.06257269533054403,0.0006398688662570664,1.000000000000002
bad_cavity,12.583333333333332,0.06228364373398611,0.0006369130246659564,1.000000000000002
bad_cavity,12.604166666666666,0.06199592739754361,0.000633970835742954,1.0000000000000018
bad_cavity,12.625,0.06170954015307328,0.0006310422391077532,1.000000000000002
bad_cavity,12.645833333333332,0.06142447586082209,0.0006281271645600281,1.000000000000002
bad_cavity,12.666666666666666,0.06114072840959032,0.0006252255609127149,1.000000000000002
bad_cavity,12.6875,0.06085829171618097,0.0006223373549439288,1.000000000000002
bad_cavity,12.708333333333332,0.06057715972574803,0.0006194624982123947,1.000000000000002
bad_cavity,12.729166666666666,0.06029732641109615,0.0006166009112715227,1.0000000000000018
bad_cavity,12.75,0.06001878577324158,0.0006137525511452314,1.0000000000000018
bad_cavity,12.770833333333332,0.05974153184081841,0.0006109173658434625,1.0000000000000018
bad_cavity,12.791666666666666,0.05946555866967256,0.0006080952671906309,1.0000000000000016
bad_cavity,12.8125,0.05919086034346612,0.00060528620235715,1.0000000000000018
bad_cavity,12.833333333333332,0.05891743097312985,0.0006024901127456914,1.0000000000000018
bad_cavity,12.854166666666666,0.05864526469673071,0.0005997069333731307,1.0000000000000018
bad_cavity,12.875,0.0583743556795802,0.0005969366157467167,1.0000000000000016
bad_cavity,12.895833333333332,0.0581046981136735,0.0005941790852553036,1.0000000000000016
bad_cavity,12.916666666666666,0.05783628621820768,0.0005914343040246682,1.0000000000000016
bad_cavity,12.9375,0.0575691142387193,0.000588702198686875,1.0000000000000016
bad_cavity,12.958333333333332,0.05730317644748454,0.0005859827115882748,1.0000000000000016
bad_cavity,12.979166666666666,0.05703846714336858,0.0005832757980569959,1.0000000000000013
bad_cavity,13.0,0.05677498065133644,0.0005805813905207526,1.0000000000000016
bad_cavity,13.020833333333332,0.05651271132260435,0.0005778994252043201,1.0000000000000013
bad_cavity,13.041666666666666,0.05625165353458357,0.000575229848483805,1.0000000000000013
bad_cavity,13.0625,0.05599180169060627,0.0005725726018561586,1.000000000000001
bad_cavity,13.083333333333332,0.05573315021982975,0.0005699276243107856,1.0000000000000013
bad_cavity,13.104166666666666,0.05547569357729478,0.0005672948697197663,1.0000000000000016
bad_cavity,13.125,0.055219426243467214,0.0005646742736170533,1.0000000000000013
bad_cavity,13.145833333333332,0.05496434272449403,0.0005620657898218098,1.0000000000000016
bad_cavity,13.166666666666666,0.05471043755160713,0.000559469343652263,1.0000000000000016
bad_cavity,13.1875,0.054457705281699,0.0005568848996759763,1.0000000000000016
bad_cavity,13.208333333333332,0.054206140496684915,0.0005543124107499495,1.0000000000000016
bad_cavity,13.229166666666666,0.05395573780314789,0.0005517517946724207,1.0000000000000016
bad_cavity,13.25,0.05370649183298195,0.0005492030083717736,1.0000000000000016
bad_cavity,13.270833333333332,0.053458397242717,0.0005466659931556054,1.0000000000000013
bad_cavity,13.291666666666666,0.05321144871356285,0.0005441406902120209,1.0000000000000013
bad_cavity,13.3125,0.05296564095146805,0.0005416270575110665,1.0000000000000013
bad_cavity,13.333333333333332,0.05272096868669748,0.0005391250395885797,1.0000000000000013
bad_cavity,13.354166666666666,0.05247742667375409,0.0005366345709602929,1.000000000000001
bad_cavity,13.375,0.05223500969159566,0.0005341556082904506,1.0000000000000013
bad_cavity,13.395833333333332,0.05199371254319169,0.0005316880980192058,1.0000000000000016
bad_cavity,13.416666666666666,0.051753530055493956,0.000529231984375751,1.0000000000000013
bad_cavity,13.4375,0.05151445707946932,0.0005267872234270731,1.0000000000000016
bad_cavity,13.458333333333332,0.051276488489747855,0.00052435375945954,1.0000000000000013
bad_cavity,13.479166666666666,0.05103961918463405,0.0005219315368294791,1.0000000000000016
bad_cavity,13.5,0.05080384408600185,0.000519520500382258,1.0000000000000016
bad_cavity,13.520833333333332,0.0505691581392035,0.0005171205971855463,1.0000000000000016
bad_cavity,13.541666666666666,0.05033555631312267,0.0005147317923285162,1.000000000000002
bad_cavity,13.5625,0.05010303359950563,0.0005123540140520492,1.000000000000002
bad_cavity,13.583333333333332,0.04987158501341461,0.0005099872085864599,1.000000000000002
bad_cavity,13.604166666666666,0.049641205593181074,0.0005076313460356274,1.0000000000000022
bad_cavity,13.625,0.04941189039966266,0.0005052863581051334,1.000000000000002
bad_cavity,13.645833333333332,0.04918363451685198,0.0005029522079988501,1.000000000000002
bad_cavity,13.666666666666666,0.04895643305134682,0.0005006288489128623,1.0000000000000018
bad_cavity,13.6875,0.048730281132195366,0.0004983162191550278,1.0000000000000018
bad_cavity,13.708333333333332,0.04850517391123677,0.0004960142856590222,1.0000000000000018
bad_cavity,13.729166666666666,0.048281106562226256,0.0004937229685989193,1.000000000000002
bad_cavity,13.75,0.04805807428173416,0.0004914422394145354,1.0000000000000018
bad_cavity,13.770833333333332,0.047836072288300724,0.0004891720482274281,1.000000000000002
bad_cavity,13.791666666666666,0.04761509582245114,0.00048691233534970123,1.0000000000000022
bad_cavity,13.8125,0.04739514014693671,0.00048466306482395597,1.000000000000002
bad_cavity,13.833333333333332,0.047176200546213146,0.00048242418334635943,1.000000000000002
bad_cavity,13.854166666666666,0.046958272326558054,0.00048019564164497337,1.000000000000002
bad_cavity,13.875,0.046741350816045475,0.0004779774018227729,1.000000000000002
bad_cavity,13.895833333333332,0.046525431364181975,0.00047576941156168834,1.000000000000002
bad_cavity,13.916666666666666,0.04631050934201028,0.0004735716240170868,1.000000000000002
bad_cavity,13.9375,0.04609658014186053,0.0004713839831831796,1.000000000000002
bad_cavity,13.958333333333332,0.04588363917746805,0.00046920644507434766,1.0000000000000022
bad_cavity,13.979166666666666,0.04567168188385791,0.0004670389760542178,1.000000000000002
bad_cavity,14.0,0.04546070371682498,0.0004648815115548374,1.0000000000000018
bad_cavity,14.020833333333332,0.0452507001533372,0.0004627340050361694,1.000000000000002
bad_cavity,14.041666666666666,0.04504166669143669,0.00046059642780171443,1.000000000000002
bad_cavity,14.0625,0.04483359884958293,0.00045846871420539845,1.000000000000002
bad_cavity,14.083333333333332,0.04462649216731076,0.0004563508353830136,1.0000000000000022
bad_cavity,14.104166666666666,0.04442034220461344,0.00045424274828734804,1.000000000000002
bad_cavity,14.125,0.04421514454185715,0.000452144396617795,1.000000000000002
bad_cavity,14.145833333333332,0.04401089478012074,0.0004500557533203584,1.000000000000002
bad_cavity,14.166666666666666,0.043807588540276804,0.0004479767399469429,1.000000000000002
bad_cavity,14.1875,0.04360522146398684,0.00044590733314521047,1.000000000000002
bad_cavity,14.208333333333332,0.04340378921281222,0.0004438474868554591,1.000000000000002
bad_cavity,14.229166666666666,0.04320328746827935,0.00044179714779246854,1.0000000000000022
bad_cavity,14.25,0.043003711932107135,0.0004397562867201536,1.0000000000000022
bad_cavity,14.270833333333332,0.04280505832561974,0.00043772485004960776,1.0000000000000022
bad_cavity,14.291666666666666,0.04260732239001235,0.0004357027947970568,1.0000000000000022
bad_cavity,14.3125,0.04241049988624369,0.0004336900869923779,1.0000000000000022
bad_cavity,14.333333333333332,0.042214586594709634,0.00043168667865248515,1.0000000000000024
bad_cavity,14.354166666666666,0.04201957831538545,0.00042969253054076753,1.0000000000000024
bad_cavity,14.375,0.04182547086747916,0.00042770758706916687,1.0000000000000022
bad_cavity,14.395833333333332,0.04163226008969746,0.0004257318110611345,1.0000000000000024
bad_cavity,14.416666666666666,0.041439941840009875,0.0004237651694219556,1.0000000000000024
bad_cavity,14.4375,0.0412485119952745,0.00042180760521609134,1.0000000000000024
bad_cavity,14.458333333333332,0.04105796645156538,0.0004198590783220265,1.0000000000000024
bad_cavity,14.479166666666666,0.04086830112403939,0.00041791956103158663,1.0000000000000027
bad_cavity,14.5,0.040679511946361616,0.0004159889904006257,1.0000000000000027
bad_cavity,14.520833333333332,0.04049159487140082,0.00041406734479404087,1.0000000000000027
bad_cavity,14.541666666666666,0.04030454587051657,0.0004121545826632588,1.0000000000000024
bad_cavity,14.5625,0.040118360933597656,0.00041025065473330904,1.0000000000000024
bad_cavity,14.583333333333332,0.039933036069333766,0.0004083555389874454,1.0000000000000024
bad_cavity,14.604166666666666,0.03974856730429049,0.00040646915857849014,1.0000000000000027
bad_cavity,14.625,0.03956495068397501,0.00040459149436319794,1.0000000000000027
bad_cavity,14.645833333333332,0.039382182271913035,0.00040272250292928047,1.0000000000000029
bad_cavity,14.666666666666666,0.039200258149781515,0.00040086213783589736,1.000000000000003
bad_cavity,14.6875,0.039019174417589474,0.00039901037549095706,1.0000000000000029
bad_cavity,14.708333333333332,0.03883892719306175,0.0003971671630800343,1.0000000000000029
bad_cavity,14.729166666666666,0.03865951261200604,0.00039533246258873037,1.0000000000000029
bad_cavity,14.75,0.03848092682814807,0.0003935062427855462,1.0000000000000029
bad_cavity,14.770833333333332,0.03830316601285799,0.0003916884605318292,1.0000000000000029
bad_cavity,14.791666666666666,0.03812622635529589,0.000389879083036752,1.000000000000003
bad_cavity,14.8125,0.03795010406200904,0.00038807805645692386,1.0000000000000033
bad_cavity,14.833333333333332,0.037774795357285555,0.0003862853484321564,1.000000000000003
bad_cavity,14.854166666666666,0.037600296482850244,0.0003845009262643837,1.0000000000000029
bad_cavity,14.875,0.03742660369761404,0.0003827247402859919,1.0000000000000029
bad_cavity,14.895833333333332,0.03725371327792584,0.0003809567563316308,1.0000000000000029
bad_cavity,14.916666666666666,0.037081621517408174,0.00037919694747634575,1.0000000000000029
bad_cavity,14.9375,0.03691032472646598,0.00037744525376238937,1.0000000000000029
bad_cavity,14.958333333333332,0.03673981923300189,0.0003757016598877914,1.0000000000000029
bad_cavity,14.979166666666666,0.03657010138161006,0.0003739661240655504,1.0000000000000029
bad_cavity,15.0,0.03640116753377627,0.00037223860525528827,1.0000000000000029
bad_cavity,15.020833333333332,0.036233014068021006,0.00037051908477516164,1.0000000000000029
bad_cavity,15.041666666666666,0.036065637379038784,0.000368807489742038,1.0000000000000027
bad_cavity,15.0625,0.035899033878738607,0.00036710380236359676,1.0000000000000027
bad_cavity,15.083333333333332,0.035733199995368524,0.0003654079818516114,1.0000000000000024
bad_cavity,15.104166666666666,0.03556813217368522,0.000363719988502098,1.0000000000000024
bad_cavity,15.125,0.03540382687507833,0.0003620398032919455,1.0000000000000024
bad_cavity,15.145833333333332,0.03524028057695797,0.00036036737541474004,1.0000000000000024
bad_cavity,15.166666666666666,0.03507748977317288,0.0003587026705488611,1.0000000000000024
bad_cavity,15.1875,0.03491545097382075,0.0003570456596579868,1.0000000000000022
bad_cavity,15.208333333333332,0.034754160705018716,0.000355396303867899,1.0000000000000022
bad_cavity,15.229166666666666,0.0345936155090544,0.00035375457651986057,1.0000000000000022
bad_cavity,15.25,0.03443381194393506,0.0003521204263229709,1.0000000000000022
bad_cavity,15.270833333333332,0.034274746583792405,0.00035049382416102773,1.0000000000000024
bad_cavity,15.291666666666666,0.03411641601855059,0.00034887473781044696,1.0000000000000024
bad_cavity,15.3125,0.033958816853774734,0.00034726312426775694,1.0000000000000022
bad_cavity,15.333333333333332,0.03380194571085408,0.00034565895477784407,1.0000000000000022
bad_cavity,15.354166666666666,0.033645799226805224,0.00034406220268302343,1.0000000000000024
bad_cavity,15.375,0.03349037405388637,0.00034247281273997197,1.0000000000000022
bad_cavity,15.395833333333332,0.03333566686026607,0.0003408907735341507,1.0000000000000022
bad_cavity,15.416666666666666,0.033181674329185847,0.00033931604258774327,1.0000000000000022
bad_cavity,15.4375,0.03302839315931016,0.0003377485875234995,1.000000000000002
bad_cavity,15.458333333333332,0.03287582006458585,0.00033618837924377133,1.0000000000000022
bad_cavity,15.479166666666666,0.03272395177409649,0.0003346353845799092,1.000000000000002
bad_cavity,15.5,0.032572785031837026,0.00033308955110709335,1.000000000000002
bad_cavity,15.520833333333332,0.03242231659719514,0.0003315508610398403,1.000000000000002
bad_cavity,15.541666666666666,0.03227254324436012,0.0003300192802261359,1.000000000000002
bad_cavity,15.5625,0.03212346176241173,0.0003284947735954621,1.0000000000000022
bad_cavity,15.583333333333332,0.03197506895531291,0.00032697731117232944,1.000000000000002
bad_cavity,15.604166666666666,0.03182736164162337,0.0003254668467763794,1.0000000000000022
bad_cavity,15.625,0.031680336654903135,0.0003239633641458147,1.0000000000000022
bad_cavity,15.645833333333332,0.0315339908431249,0.0003224668261131134,1.0000000000000022
bad_cavity,15.666666666666666,0.03138832106900025,0.0003209772131170959,1.0000000000000022
bad_cavity,15.6875,0.031243324209432002,0.00031949447621960544,1.000000000000002
bad_cavity,15.708333333333332,0.03109899715597631,0.00031801858883735723,1.000000000000002
bad_cavity,15.729166666666666,0.030955336814487984,0.0003165495185853159,1.0000000000000022
bad_cavity,15.75,0.0308123401050682,0.0003150872286378712,1.000000000000002
bad_cavity,15.770833333333332,0.030670003962173755,0.0003136316948754663,1.0000000000000022
bad_cavity,15.791666666666666,0.030528325334394316,0.00031218289052710647,1.0000000000000022
bad_cavity,15.8125,0.03038730118418806,0.0003107407667128312,1.0000000000000024
bad_cavity,15.833333333333332,0.03024692848844019,0.00030930531342979043,1.0000000000000022
bad_cavity,15.854166666666666,0.030107204237664283,0.0003078764877912301,1.0000000000000022
bad_cavity,15.875,0.029968125436464214,0.0003064542655017686,1.000000000000002
bad_cavity,15.895833333333332,0.029829689103256826,0.000305038620020782,1.000000000000002
bad_cavity,15.916666666666666,0.029691892270193043,0.0003036295210971451,1.000000000000002
bad_cavity,15.9375,0.02955473198292778,0.0003022269184901861,1.000000000000002
bad_cavity,15.958333333333332,0.02941820530112017,0.00030083079707579364,1.000000000000002
bad_cavity,15.979166666666666,0.029282309297833337,0.00029944112432215425,1.000000000000002
bad_cavity,16.0,0.02914704105969485,0.00029805787210876965,1.000000000000002
bad_cavity,16.020833333333332,0.029012397686790307,0.000296681012427262,1.000000000000002
bad_cavity,16.041666666666664,0.028878376292437183,0.0002953105013506947,1.000000000000002
bad_cavity,16.0625,0.0287449740035816,0.0002939463238842247,1.000000000000002
bad_cavity,16.083333333333332,0.028612187960253013,0.0002925884466499033,1.0000000000000022
bad_cavity,16.104166666666664,0.02848001531588155,0.00029123685493068294,1.0000000000000022
bad_cavity,16.125,0.028348453236728677,0.0002898915029549943,1.0000000000000022
bad_cavity,16.145833333333332,0.02821749890236641,0.00028855236669316804,1.0000000000000022
bad_cavity,16.166666666666664,0.0280871495053037,0.00028721941324518077,1.0000000000000022
bad_cavity,16.1875,0.027957402251039917,0.0002858926119514713,1.0000000000000024
bad_cavity,16.208333333333332,0.0278282543580792,0.00028457194164690526,1.0000000000000022
bad_cavity,16.229166666666664,0.027699703057725164,0.00028325737642794635,1.0000000000000022
bad_cavity,16.25,0.027571745593906027,0.0002819488743499502,1.0000000000000024
bad_cavity,16.270833333333332,0.027444379223603703,0.00028064642515961716,1.0000000000000024
bad_cavity,16.291666666666664,0.02731760121613829,0.0002793499860881432,1.0000000000000024
bad_cavity,16.3125,0.027191408853702692,0.000278059539848135,1.0000000000000024
bad_cavity,16.333333333333332,0.027065799431068117,0.0002767750715249872,1.0000000000000022
bad_cavity,16.354166666666664,0.02694077025513131,0.0002754965299874613,1.0000000000000022
bad_cavity,16.375,0.026816318645494643,0.000274223890250552,1.0000000000000022
bad_cavity,16.395833333333332,0.026692441934085636,0.00027295712188266335,1.0000000000000024
bad_cavity,16.416666666666664,0.026569137465190205,0.0002716961978599853,1.0000000000000024
bad_cavity,16.4375,0.026446402595566975,0.00027044111130827554,1.0000000000000024
bad_cavity,16.458333333333332,0.02632423469382686,0.0002691918203663233,1.0000000000000022
bad_cavity,16.479166666666664,0.02620263114091383,0.00026794830072716393,1.000000000000002
bad_cavity,16.5,0.026081589329833545,0.00026671052458800837,1.000000000000002
bad_cavity,16.520833333333332,0.025961106665628075,0.0002654784636337783,1.000000000000002
bad_cavity,16.541666666666664,0.02584118056549291,0.000264252105932421,1.000000000000002
bad_cavity,16.5625,0.025721808458256834,0.00026303141048096177,1.000000000000002
bad_cavity,16.583333333333332,0.025602987784819623,0.000261816355389593,1.000000000000002
bad_cavity,16.604166666666664,0.025484715997785158,0.00026060690738372483,1.000000000000002
bad_cavity,16.625,0.025366990561612714,0.00025940304192948686,1.000000000000002
bad_cavity,16.645833333333332,0.025249808952516904,0.00025820473875849367,1.0000000000000022
bad_cavity,16.666666666666664,0.025133168658337254,0.0002570119744173311,1.000000000000002
bad_cavity,16.6875,0.02501706717839608,0.00025582471362869166,1.0000000000000018
bad_cavity,16.708333333333332,0.02490150202381125,0.00025464294511337235,1.000000000000002
bad_cavity,16.729166666666664,0.024786470716879658,0.0002534666265273976,1.000000000000002
bad_cavity,16.75,0.024671970791659274,0.0002522957465705479,1.0000000000000022
bad_cavity,16.770833333333332,0.02455799979356805,0.00025113029092659224,1.0000000000000022
bad_cavity,16.791666666666664,0.024444555279066117,0.00024997021634158757,1.0000000000000022
bad_cavity,16.8125,0.02433163481605735,0.0002488154950082234,1.000000000000002
bad_cavity,16.833333333333332,0.024219235983685344,0.00024766609971200987,1.0000000000000022
bad_cavity,16.854166666666664,0.024107356372303632,0.0002465220059965973,1.000000000000002
bad_cavity,16.875,0.02399599358359716,0.0002453832090955358,1.000000000000002
bad_cavity,16.895833333333332,0.023885145229994242,0.000244249671445712,1.000000000000002
bad_cavity,16.916666666666664,0.02377480893512752,0.00024312137278220488,1.000000000000002
bad_cavity,16.9375,0.02366498233351035,0.00024199828346800089,1.0000000000000018
bad_cavity,16.958333333333332,0.023555663070636678,0.00024088037921168805,1.000000000000002
bad_cavity,16.979166666666664,0.023446848803018918,0.0002397676497202359,1.000000000000002
bad_cavity,17.0,0.023338537197738412,0.00023866005964626026,1.000000000000002
bad_cavity,17.020833333333332,0.023230725932798308,0.00023755758798020375,1.0000000000000018
bad_cavity,17.041666666666664,0.02312341269680554,0.00023646020182569233,1.000000000000002
bad_cavity,17.0625,0.023016595189180006,0.00023536788170178425,1.000000000000002
bad_cavity,17.083333333333332,0.0229102711199565,0.000234280606984296,1.000000000000002
bad_cavity,17.104166666666664,0.022804438209752934,0.0002331983576154666,1.000000000000002
bad_cavity,17.125,0.022699094189621915,0.00023212110435783597,1.0000000000000018
bad_cavity,17.145833333333332,0.022594236801268146,0.00023104883480621932,1.0000000000000018
bad_cavity,17.166666666666664,0.022489863796526715,0.00022998150711464098,1.0000000000000018
bad_cavity,17.1875,0.022385972937981974,0.00022891911522250892,1.0000000000000018
bad_cavity,17.208333333333332,0.02228256199846667,0.00022786164456241266,1.0000000000000018
bad_cavity,17.229166666666664,0.02217962876089091,0.0002268090600117659,1.0000000000000018
bad_cavity,17.25,0.022077171018454276,0.00022576133127784543,1.000000000000002
bad_cavity,17.270833333333332,0.021975186574611137,0.00022471843412606363,1.000000000000002
bad_cavity,17.291666666666664,0.02187367324298535,0.00022368034665483402,1.0000000000000022
bad_cavity,17.3125,0.02177262884746893,0.00022264706352033596,1.0000000000000022
bad_cavity,17.333333333333332,0.021672051221743732,0.00022161855372156345,1.0000000000000022
bad_cavity,17.354166666666664,0.02157193820963872,0.00022059480008516163,1.0000000000000024
bad_cavity,17.375,0.021472287664798768,0.00021957577139630015,1.0000000000000024
bad_cavity,17.395833333333332,0.02137309745089088,0.00021856144705505642,1.0000000000000024
bad_cavity,17.416666666666664,0.021274365441558096,0.00021755181706020486,1.0000000000000024
bad_cavity,17.4375,0.021176089520072577,0.00021654685253627855,1.0000000000000024
bad_cavity,17.458333333333332,0.021078267579561043,0.0002155465322097069,1.0000000000000022
bad_cavity,17.479166666666664,0.020980897522784734,0.00021455082531884244,1.0000000000000022
bad_cavity,17.5,0.02088397726233938,0.00021355971556086088,1.0000000000000022
bad_cavity,17.520833333333332,0.020787504720411996,0.0002125731816794946,1.0000000000000022
bad_cavity,17.541666666666664,0.020691477828836034,0.0002115912072213929,1.0000000000000024
bad_cavity,17.5625,0.02059589452892524,0.00021061376862260866,1.000000000000002
bad_cavity,17.583333333333332,0.020500752771604305,0.0002096408522943757,1.0000000000000022
bad_cavity,17.604166666666664,0.020406050516982056,0.00020867241718961922,1.0000000000000022
bad_cavity,17.625,0.02031178573499514,0.0002077084620206758,1.000000000000002
bad_cavity,17.645833333333332,0.020217956404801812,0.0002067489702304486,1.000000000000002
bad_cavity,17.666666666666664,0.02012456051479809,0.00020579391581400272,1.000000000000002
bad_cavity,17.6875,0.02003159606260183,0.00020484326597705707,1.000000000000002
bad_cavity,17.708333333333332,0.01993906105520053,0.00020389699978132664,1.0000000000000018
bad_cavity,17.729166666666664,0.019846953508796457,0.00020295509718446682,1.000000000000002
bad_cavity,17.75,0.019755271448883633,0.0002020175507254846,1.000000000000002
bad_cavity,17.770833333333332,0.019664012909916154,0.0002010843372223007,1.000000000000002
bad_cavity,17.791666666666664,0.019573175935508162,0.00020015544145726748,1.000000000000002
bad_cavity,17.8125,0.019482758578144393,0.0001992308319671489,1.0000000000000022
bad_cavity,17.833333333333332,0.019392758899441254,0.00019831049065413482,1.000000000000002
bad_cavity,17.854166666666664,0.01930317497004877,0.00019739440726609063,1.000000000000002
bad_cavity,17.875,0.019214004869404777,0.0001964825594021551,1.0000000000000018
bad_cavity,17.895833333333332,0.01912524668582171,0.0001955749250189812,1.0000000000000018
bad_cavity,17.916666666666664,0.019036898516386323,0.0001946714766422449,1.000000000000002
bad_cavity,17.9375,0.01894895846710699,0.00019377219975436785,1.0000000000000018
bad_cavity,17.958333333333332,0.018861424652667352,0.00019287707267091073,1.0000000000000018
bad_cavity,17.979166666666664,0.01877429519654109,0.00019198608172300854,1.0000000000000018
bad_cavity,18.0,0.0186875682308293,0.00019109920928587378,1.0000000000000016
bad_cavity,18.020833333333332,0.018601241896287025,0.00019021644028347143,1.0000000000000016
bad_cavity,18.041666666666664,0.01851531434200784,0.00018933773524914112,1.0000000000000016
bad_cavity,18.0625,0.018429783726061893,0.00018846309659775834,1.0000000000000016
bad_cavity,18.083333333333332,0.018344648214805862,0.00018759250500128533,1.0000000000000016
bad_cavity,18.104166666666664,0.018259905983091344,0.0001867259436205393,1.0000000000000016
bad_cavity,18.125,0.018175555214010816,0.0001858633770832814,1.0000000000000016
bad_cavity,18.145833333333332,0.01809159409924492,0.0001850047892504886,1.0000000000000018
bad_cavity,18.166666666666664,0.018008020838785808,0.00018415015996156583,1.0000000000000018
bad_cavity,18.1875,0.017924833641044784,0.0001832994793286894,1.0000000000000018
bad_cavity,18.208333333333332,0.017842030722656083,0.00018245273229911097,1.0000000000000016
bad_cavity,18.229166666666664,0.017759610308501483,0.0001816099048124155,1.0000000000000013
bad_cavity,18.25,0.017677570631493222,0.000180770966285382,1.0000000000000016
bad_cavity,18.270833333333332,0.01759590993284919,0.000179935900223054,1.0000000000000016
bad_cavity,18.291666666666664,0.017514626461972244,0.00017910469611444866,1.0000000000000013
bad_cavity,18.3125,0.01743371847628354,0.000178277336797444,1.0000000000000013
bad_cavity,18.333333333333332,0.017353184241201854,0.00017745380008799997,1.000000000000001
bad_cavity,18.354166666666664,0.017273022030140958,0.0001766340621640729,1.0000000000000013
bad_cavity,18.375,0.01719323012459437,0.00017581810947200178,1.000000000000001
bad_cavity,18.395833333333332,0.01711380681390691,0.00017500591998140223,1.0000000000000013
bad_cavity,18.416666666666664,0.017034750395432827,0.00017419748224790666,1.000000000000001
bad_cavity,18.4375,0.016956059174386404,0.0001733927843634756,1.000000000000001
bad_cavity,18.458333333333332,0.016877731463757945,0.00017259180929289492,1.000000000000001
bad_cavity,18.479166666666664,0.016799765584137424,0.00017179452117145301,1.000000000000001
bad_cavity,18.5,0.016722159864275644,0.00017100092369942317,1.0000000000000009
bad_cavity,18.520833333333332,0.01664491264038406,0.00017021099516637518,1.0000000000000007
bad_cavity,18.541666666666664,0.016568022256492794,0.0001694247269604514,1.0000000000000007
bad_cavity,18.5625,0.01649148706398777,0.0001686420817730139,1.0000000000000007
bad_cavity,18.583333333333332,0.016415305422141698,0.0001678630489732757,1.0000000000000004
bad_cavity,18.604166666666664,0.016339475697693825,0.0001670876069600344,1.0000000000000007
bad_cavity,18.625,0.01626399626502445,0.00016631574364776793,1.0000000000000007
bad_cavity,18.645833333333332,0.016188865506067376,0.00016554745130761727,1.0000000000000004
bad_cavity,18.666666666666664,0.016114081810176636,0.00016478271693624007,1.0000000000000004
bad_cavity,18.6875,0.01603964357398225,0.0001640215115224062,1.0000000000000004
bad_cavity,18.708333333333332,0.01596554920165945,0.00016326381972991378,1.0000000000000007
bad_cavity,18.729166666666664,0.015891797104799692,0.00016250963063749985,1.0000000000000007
bad_cavity,18.75,0.01581838570231108,0.0001617589313291673,1.0000000000000007
bad_cavity,18.770833333333332,0.015745313420312736,0.00016101169987328513,1.0000000000000007
bad_cavity,18.791666666666664,0.015672578692210313,0.00016026791601232837,1.0000000000000007
bad_cavity,18.8125,0.015600179958725837,0.00015952756736545311,1.0000000000000009
bad_cavity,18.833333333333332,0.015528115667675353,0.0001587906309454266,1.0000000000000009
bad_cavity,18.854166666666664,0.015456384274184158,0.00015805709746961137,1.0000000000000007
bad_cavity,18.875,0.015384984240537447,0.000157326959988295,1.0000000000000009
bad_cavity,18.895833333333332,0.01531391403600096,0.00015660019956682483,1.0000000000000007
bad_cavity,18.916666666666664,0.015243172136788052,0.00015587678527996827,1.0000000000000009
bad_cavity,18.9375,0.015172757026497957,0.00015515672026131857,1.0000000000000009
bad_cavity,18.958333333333332,0.015102667195468433,0.0001544399815730018,1.0000000000000009
bad_cavity,18.979166666666664,0.015032901141211245,0.00015372656596385212,1.0000000000000007
bad_cavity,19.0,0.01496345736783528,0.0001530164366018771,1.0000000000000009
bad_cavity,19.020833333333332,0.014894334386677602,0.00015230958791684362,1.0000000000000007
bad_cavity,19.041666666666664,0.014825530715766633,0.0001516059962330752,1.0000000000000007
bad_cavity,19.0625,0.014757044880075109,0.00015090564760755968,1.0000000000000007
bad_cavity,19.083333333333332,0.014688875411517045,0.0001502085406230334,1.0000000000000007
bad_cavity,19.104166666666664,0.014621020848678914,0.00014951466318432617,1.0000000000000007
bad_cavity,19.125,0.01455347973674222,0.00014882398800659445,1.0000000000000009
bad_cavity,19.145833333333332,0.01448625062775191,0.00014813650190944239,1.0000000000000007
bad_cavity,19.166666666666664,0.014419332080445896,0.00014745219218860676,1.0000000000000007
bad_cavity,19.1875,0.014352722660257578,0.0001467710498783432,1.0000000000000007
bad_cavity,19.208333333333332,0.014286420939117084,0.00014609305332188494,1.0000000000000007
bad_cavity,19.229166666666664,0.014220425495600755,0.00014541818578729315,1.0000000000000007
bad_cavity,19.25,0.014154734914908254,0.0001447464362059797,1.0000000000000004
bad_cavity,19.270833333333332,0.014089347788639447,0.00014407778031687716,1.0000000000000004
bad_cavity,19.291666666666664,0.014024262715078244,0.000143412211380754,1.0000000000000004
bad_cavity,19.3125,0.013959478299009865,0.00014274972524715865,1.0000000000000002
bad_cavity,19.333333333333332,0.013894993151509662,0.00014209030262438921,1.0000000000000002
bad_cavity,19.354166666666664,0.013830805890002254,0.00014143391778025517,1.0000000000000002
bad_cavity,19.375,0.01376691513857512,0.00014078057210326525,1.0
bad_cavity,19.395833333333332,0.01370331952742136,0.00014013024249125394,1.0
bad_cavity,19.416666666666664,0.013640017693292155,0.0001394829284745351,1.0
bad_cavity,19.4375,0.013577008278889878,0.00013883859572526422,1.0000000000000002
bad_cavity,19.458333333333332,0.013514289933522031,0.00013819724284466975,1.0000000000000002
bad_cavity,19.479166666666664,0.013451861312489514,0.00013755884438191996,1.0000000000000002
bad_cavity,19.5,0.01338972107740222,0.00013692338451041754,1.0000000000000002
bad_cavity,19.520833333333332,0.013327867896254656,0.00013629086722579377,1.0000000000000002
bad_cavity,19.541666666666664,0.01326630044303623,0.00013566128103438056,1.0000000000000002
bad_cavity,19.5625,0.013205017397720054,0.00013503460063549424,1.0000000000000004
bad_cavity,19.583333333333332,0.013144017446528914,0.00013441081569292633,1.0000000000000004
bad_cavity,19.604166666666664,0.013083299281702269,0.00013378991081182268,1.0000000000000004
bad_cavity,19.625,0.013022861601628279,0.00013317188118636174,1.0000000000000007
bad_cavity,19.645833333333332,0.012962703110522434,0.00013255670389949399,1.0000000000000007
bad_cavity,19.666666666666664,0.012902822518690814,0.00013194436638925866,1.0000000000000004
bad_cavity,19.6875,0.012843218542341711,0.00013133485072761508,1.0000000000000007
bad_cavity,19.708333333333332,0.012783889903734998,0.00013072815091399805,1.0000000000000007
bad_cavity,19.729166666666664,0.012724835330987956,0.00013012425657444565,1.0000000000000009
bad_cavity,19.75,0.01266605355803228,0.00012952315141775853,1.0000000000000007
bad_cavity,19.770833333333332,0.012607543324780764,0.00012892483218860998,1.0000000000000007
bad_cavity,19.791666666666664,0.012549303376793114,0.00012832927863338695,1.000000000000001
bad_cavity,19.8125,0.012491332465396498,0.00012773646791676364,1.0000000000000009
bad_cavity,19.833333333333332,0.01243362934783991,0.00012714639232957615,1.0000000000000009
bad_cavity,19.854166666666664,0.012376192787185703,0.00012655905129467176,1.000000000000001
bad_cavity,19.875,0.01231902155192485,0.0001259744163322422,1.000000000000001
bad_cavity,19.895833333333332,0.012262114416490834,0.0001253924838921854,1.000000000000001
bad_cavity,19.916666666666664,0.012205470160749585,0.00012481322804969904,1.000000000000001
bad_cavity,19.9375,0.012149087570552188,0.00012423665710961965,1.000000000000001
bad_cavity,19.958333333333332,0.012092965437023102,0.00012366274654266115,1.000000000000001
bad_cavity,19.979166666666664,0.012037102557111521,0.00012309149544471878,1.000000000000001
bad_cavity,20.0,0.011981497733226184,0.00012252289334278903,1.000000000000001
bad_cavity,20.020833333333332,0.011926149773113863,0.00012195691082001172,1.000000000000001
bad_cavity,20.041666666666664,0.011871057490181578,0.00012139353352991793,1.0000000000000013
bad_cavity,20.0625,0.011816219703462678,0.00012083276136396333,1.0000000000000013
bad_cavity,20.083333333333332,0.011761635237294203,0.00012027457937424723,1.0000000000000016
bad_cavity,20.104166666666664,0.01170730292148962,0.00011971897713447031,1.0000000000000013
bad_cavity,20.125,0.011653221591168607,0.00011916593454498278,1.0000000000000016
bad_cavity,20.145833333333332,0.011599390087010573,0.00011861544906373379,1.0000000000000016
bad_cavity,20.166666666666664,0.011545807254947011,0.00011806750805818284,1.0000000000000013
bad_cavity,20.1875,0.011492471946218547,0.00011752209679853196,1.0000000000000013
bad_cavity,20.208333333333332,0.011439383017527456,0.00011697921577879761,1.0000000000000013
bad_cavity,20.229166666666664,0.011386539330642306,0.00011643884445773734,1.0000000000000013
bad_cavity,20.25,0.011333939752579862,0.00011590096142924195,1.0000000000000016
bad_cavity,20.270833333333332,0.011281583155745938,0.00011536556056983302,1.0000000000000013
bad_cavity,20.291666666666664,0.011229468417786338,0.00011483263882906217,1.0000000000000016
bad_cavity,20.3125,0.011177594421317405,0.0001143021722324869,1.0000000000000016
bad_cavity,20.333333333333332,0.011125960054347359,0.00011377415942254655,1.0000000000000013
bad_cavity,20.354166666666664,0.011074564209783522,0.0001132485758062654,1.0000000000000013
bad_cavity,20.375,0.01102340578596949,0.00011272542840401626,1.0000000000000016
bad_cavity,20.395833333333332,0.010972483686006344,0.00011220469177750382,1.0000000000000016
bad_cavity,20.416666666666664,0.010921796818349996,0.00011168636874827512,1.0000000000000016
bad_cavity,20.4375,0.01087134409640598,0.00011117045305848375,1.0000000000000016
bad_cavity,20.458333333333332,0.010821124438335591,0.00011065691268756473,1.0000000000000013
bad_cavity,20.479166666666664,0.010771136767511092,0.00011014573664176515,1.0000000000000013
bad_cavity,20.5,0.010721380012377093,0.00010963692365013956,1.0000000000000013
bad_cavity,20.520833333333332,0.010671853106186069,0.00010913045854531604,1.000000000000001
bad_cavity,20.541666666666664,0.01062255498722021,0.00010862633620067468,1.000000000000001
bad_cavity,20.5625,0.010573484598493856,0.00010812453465349518,1.0000000000000013
bad_cavity,20.583333333333332,0.010524640888150883,0.00010762505617828788,1.0000000000000013
bad_cavity,20.604166666666664,0.010476022809006561,0.00010712788469641955,1.0000000000000013
bad_cavity,20.625,0.010427629318749021,0.00010663300766846029,1.0000000000000013
bad_cavity,20.645833333333332,0.010379459380039582,0.00010614042808854161,1.0000000000000013
bad_cavity,20.666666666666664,0.01033151196009385,0.00010565012570018955,1.0000000000000013
bad_cavity,20.6875,0.01028378603090983,0.00010516208146477803,1.0000000000000013
bad_cavity,20.708333333333332,0.010236280569369587,0.00010467628965553342,1.0000000000000013
bad_cavity,20.729166666666664,0.010188994557085721,0.00010419274499442183,1.0000000000000013
bad_cavity,20.75,0.010141926980227003,0.00010371142773261967,1.0000000000000013
bad_cavity,20.770833333333332,0.01009507682984924,0.00010323233812955875,1.0000000000000013
bad_cavity,20.791666666666664,0.010048443101439163,0.0001027554539695224,1.0000000000000013
bad_cavity,20.8125,0.010002024795400756,0.00010228078022187702,1.0000000000000013
bad_cavity,20.833333333333332,0.009955820916439363,0.00010180829090707746,1.000000000000001
bad_cavity,20.854166666666664,0.00990983047418227,0.0001013379918739793,1.000000000000001
bad_cavity,20.875,0.009864052482745684,0.0001008698805288988,1.000000000000001
bad_cavity,20.895833333333332,0.009818485960475402,0.00010040392253988812,1.000000000000001
bad_cavity,20.916666666666664,0.009773129930538863,9.99401117953427e-05,1.0000000000000009
bad_cavity,20.9375,0.009727983420632785,9.947844385921697e-05,1.0000000000000009
bad_cavity,20.958333333333332,0.00968304546283968,9.901890397630353e-05,1.000000000000001
bad_cavity,20.979166666666664,0.009638315093854969,9.856149131511584e-05,1.0000000000000009
bad_cavity,21.0,0.009593791354594965,9.81061826482463e-05,1.0000000000000009
bad_cavity,21.020833333333332,0.009549473290718162,9.765298533899062e-05,1.000000000000001
bad_cavity,21.041666666666664,0.009505359952012016,9.720187937887261e-05,1.0000000000000009
bad_cavity,21.0625,0.009461450392755498,9.675285483298029e-05,1.0000000000000009
bad_cavity,21.083333333333332,0.00941774367173743,9.630591561055696e-05,1.0000000000000009
bad_cavity,21.104166666666664,0.0093742388518593,9.586104260384364e-05,1.000000000000001
bad_cavity,21.125,0.009330935000377662,9.541821935419823e-05,1.0000000000000009
bad_cavity,21.145833333333332,0.009287831188968506,9.497744029913745e-05,1.0000000000000009
bad_cavity,21.166666666666664,0.009244926493573764,9.453869771252383e-05,1.000000000000001
bad_cavity,21.1875,0.00920221999432202,9.410197588649211e-05,1.000000000000001
bad_cavity,21.208333333333332,0.009159710775764125,9.366727609809772e-05,1.000000000000001
bad_cavity,21.229166666666664,0.009117397926470445,9.323457914708388e-05,1.000000000000001
bad_cavity,21.25,0.009075280539444936,9.280388775637435e-05,1.000000000000001
bad_cavity,21.270833333333332,0.009033357711656644,9.237518265775456e-05,1.000000000000001
bad_cavity,21.291666666666664,0.008991628544468538,9.19484664246018e-05,1.000000000000001
bad_cavity,21.3125,0.008950092143113802,9.152371413866374e-05,1.0000000000000013
bad_cavity,21.333333333333332,0.008908747617278627,9.110093225686523e-05,1.0000000000000013
bad_cavity,21.354166666666664,0.008867594080441028,9.068009582213041e-05,1.000000000000001
bad_cavity,21.375,0.008826630650261557,9.026118853115233e-05,1.000000000000001
bad_cavity,21.395833333333332,0.008785856448795993,8.984422537697423e-05,1.0000000000000013
bad_cavity,21.416666666666664,0.008745270601876848,8.942919401227004e-05,1.000000000000001
bad_cavity,21.4375,0.008704872239347222,8.901607945025153e-05,1.0000000000000013
bad_cavity,21.458333333333332,0.008664660495181333,8.860487767166719e-05,1.000000000000001
bad_cavity,21.479166666666664,0.008624634507215236,8.819557111123238e-05,1.000000000000001
bad_cavity,21.5,0.008584793417492331,8.778816425075447e-05,1.000000000000001
bad_cavity,21.520833333333332,0.008545136371713558,8.738263164957567e-05,1.000000000000001
bad_cavity,21.541666666666664,0.008505662519795974,8.697897436356977e-05,1.0000000000000009
bad_cavity,21.5625,0.008466371015489091,8.657718420515174e-05,1.0000000000000009
bad_cavity,21.583333333333332,0.008427261016307403,8.61772389193419e-05,1.000000000000001
bad_cavity,21.604166666666664,0.0083883316838943,8.577913953835387e-05,1.000000000000001
bad_cavity,21.625,0.008349582183741015,8.538288465454232e-05,1.000000000000001
bad_cavity,21.645833333333332,0.00831101168508027,8.498846176720705e-05,1.000000000000001
bad_cavity,21.666666666666664,0.0082726193610012,8.459586026632404e-05,1.000000000000001
bad_cavity,21.6875,0.00823440438850304,8.420507841364606e-05,1.000000000000001
bad_cavity,21.708333333333332,0.008196365948209584,8.381609714404731e-05,1.0000000000000013
bad_cavity,21.729166666666664,0.00815850322474254,8.342891829514076e-05,1.000000000000001
bad_cavity,21.75,0.00812081540625979,8.304352116384618e-05,1.000000000000001
bad_cavity,21.770833333333332,0.008083301684969355,8.265991446487188e-05,1.000000000000001
bad_cavity,21.791666666666664,0.00804596125645822,8.227807239468226e-05,1.000000000000001
bad_cavity,21.8125,0.008008793320120252,8.189797816121124e-05,1.000000000000001
bad_cavity,21.833333333333332,0.007971797079401162,8.151964961485159e-05,1.000000000000001
bad_cavity,21.854166666666664,0.007934971741082743,8.114307092899582e-05,1.000000000000001
bad_cavity,21.875,0.007898316515679868,8.076823308218612e-05,1.000000000000001
bad_cavity,21.895833333333332,0.007861830617412333,8.039513275820633e-05,1.000000000000001
bad_cavity,21.916666666666664,0.007825513263972093,8.002375123578819e-05,1.000000000000001
bad_cavity,21.9375,0.007789363676922228,7.965409503859606e-05,1.0000000000000009
bad_cavity,21.958333333333332,0.007753381081064966,7.928613576858199e-05,1.000000000000001
bad_cavity,21.979166666666664,0.00771756470513657,7.891987968395541e-05,1.000000000000001
bad_cavity,22.0,0.007681913781282128,7.855531795514031e-05,1.000000000000001
bad_cavity,22.020833333333332,0.007646427545073063,7.819242998535488e-05,1.000000000000001
bad_cavity,22.041666666666664,0.007611105235833494,7.783121693092732e-05,1.0000000000000009
bad_cavity,22.0625,0.007575946096366862,7.747167656037271e-05,1.0000000000000009
bad_cavity,22.083333333333332,0.0075409493728811,7.71137975228237e-05,1.0000000000000009
bad_cavity,22.104166666666664,0.007506114315119855,7.675757376408763e-05,1.0000000000000009
bad_cavity,22.125,0.00747144017631142,7.64030011037771e-05,1.0000000000000009
bad_cavity,22.145833333333332,0.007436926212998298,7.605006213125742e-05,1.000000000000001
bad_cavity,22.166666666666664,0.00740257168533048,7.569875644811154e-05,1.0000000000000009
bad_cavity,22.1875,0.007368375856709843,7.534906744232256e-05,1.0000000000000009
bad_cavity,22.208333333333332,0.007334337994215585,7.500100543394547e-05,1.0000000000000009
bad_cavity,22.229166666666664,0.007300457367933646,7.46545436395382e-05,1.000000000000001
bad_cavity,22.25,0.00726673325144047,7.430966700703758e-05,1.000000000000001
bad_cavity,22.270833333333332,0.007233164922005896,7.396639357803785e-05,1.000000000000001
bad_cavity,22.291666666666664,0.00719975165986117,7.362470442412161e-05,1.0000000000000013
bad_cavity,22.3125,0.00716649274872505,7.328459660311069e-05,1.0000000000000016
bad_cavity,22.333333333333332,0.007133387475622702,7.294606694810002e-05,1.0000000000000016
bad_cavity,22.354166666666664,0.0071004351307133225,7.260909670855002e-05,1.0000000000000016
bad_cavity,22.375,0.007067635007703532,7.227369346225799e-05,1.0000000000000018
bad_cavity,22.395833333333332,0.0070349864031722525,7.193982657466131e-05,1.0000000000000016
bad_cavity,22.416666666666664,0.007002488617360411,7.16075059007333e-05,1.0000000000000016
bad_cavity,22.4375,0.006970140953553006,7.127672282312405e-05,1.0000000000000013
bad_cavity,22.458333333333332,0.006937942718148737,7.094745852060246e-05,1.0000000000000016
bad_cavity,22.479166666666664,0.006905893220956485,7.061971441654491e-05,1.0000000000000013
bad_cavity,22.5,0.006873991774922203,7.029348691799494e-05,1.0000000000000013
bad_cavity,22.520833333333332,0.006842237696095822,6.996876561790431e-05,1.000000000000001
bad_cavity,22.541666666666664,0.006810630303775754,6.964554886257155e-05,1.0000000000000009
bad_cavity,22.5625,0.0067791689203507925,6.932382971676423e-05,1.000000000000001
bad_cavity,22.583333333333332,0.006747852871267706,6.900359421366385e-05,1.0000000000000009
bad_cavity,22.604166666666664,0.006716681485186592,6.868483796383693e-05,1.0000000000000009
bad_cavity,22.625,0.0066856540937888466,6.836754878221695e-05,1.0000000000000009
bad_cavity,22.645833333333332,0.006654770031988152,6.805172872009704e-05,1.0000000000000007
bad_cavity,22.666666666666664,0.006624028637606968,6.773736382652998e-05,1.0000000000000007
bad_cavity,22.6875,0.006593429251698749,6.742445704428474e-05,1.0000000000000009
bad_cavity,22.708333333333332,0.006562971218081597,6.711298398600428e-05,1.0000000000000009
bad_cavity,22.729166666666664,0.006532653883981703,6.680295723437295e-05,1.0000000000000009
bad_cavity,22.75,0.006502476599525487,6.649437804518281e-05,1.0000000000000009
bad_cavity,22.770833333333332,0.006472438717498787,6.618721416091937e-05,1.0000000000000009
bad_cavity,22.791666666666664,0.0064425395940529056,6.588147021272566e-05,1.000000000000001
bad_cavity,22.8125,0.006412778588160414,6.557713585229572e-05,1.0000000000000009
bad_cavity,22.833333333333332,0.006383155061750861,6.527420036521141e-05,1.0000000000000009
bad_cavity,22.854166666666664,0.006353668379861442,6.497266874538418e-05,1.0000000000000007
bad_cavity,22.875,0.006324317910193844,6.467251968847916e-05,1.0000000000000009
bad_cavity,22.895833333333332,0.00629510302375903,6.43737699691812e-05,1.0000000000000009
bad_cavity,22.916666666666664,0.006266023094065502,6.407639638321069e-05,1.0000000000000009
bad_cavity,22.9375,0.006237077497701921,6.378039403345482e-05,1.000000000000001
bad_cavity,22.958333333333332,0.006208265614243069,6.348576843898289e-05,1.000000000000001
bad_cavity,22.979166666666664,0.006179586825922379,6.319250481595555e-05,1.0000000000000009
bad_cavity,23.0,0.006151040517874588,6.290059309991995e-05,1.000000000000001
bad_cavity,23.020833333333332,0.006122626078148747,6.261003050490715e-05,1.000000000000001
bad_cavity,23.041666666666664,0.006094342897535205,6.232080589070614e-05,1.000000000000001
bad_cavity,23.0625,0.006066190369684471,6.203291266112482e-05,1.000000000000001
bad_cavity,23.083333333333332,0.006038167891128569,6.174635212260995e-05,1.0000000000000009
bad_cavity,23.104166666666664,0.006010274861079536,6.146111504713592e-05,1.000000000000001
bad_cavity,23.125,0.005982510681615726,6.117720114857418e-05,1.0000000000000009
bad_cavity,23.145833333333332,0.005954874757334994,6.089458641987655e-05,1.0000000000000009
bad_cavity,23.166666666666664,0.005927366495976837,6.061328522287393e-05,1.0000000000000009
bad_cavity,23.1875,0.005899985307865952,6.0333297113963945e-05,1.0000000000000009
bad_cavity,23.208333333333332,0.00587273060575373,6.0054592578939726e-05,1.0000000000000009
bad_cavity,23.229166666666664,0.005845601805490205,5.9777179976243754e-05,1.0000000000000009
bad_cavity,23.25,0.00581859832539083,5.950104483729986e-05,1.0000000000000009
bad_cavity,23.270833333333332,0.005791719586507215,5.9226177559745036e-05,1.0000000000000009
bad_cavity,23.291666666666664,0.005764965012721065,5.8952583809855616e-05,1.0000000000000009
bad_cavity,23.3125,0.0057383340303068025,5.868024295795743e-05,1.0000000000000007
bad_cavity,23.333333333333332,0.00571182606860168,5.840917481041419e-05,1.0000000000000007
bad_cavity,23.354166666666664,0.00568544055912886,5.813935505404535e-05,1.0000000000000007
bad_cavity,23.375,0.005659176936240026,5.787077928717747e-05,1.0000000000000007
bad_cavity,23.395833333333332,0.005633034636999847,5.760345290668538e-05,1.0000000000000004
bad_cavity,23.416666666666664,0.005607013100862794,5.733736068605303e-05,1.0000000000000004
bad_cavity,23.4375,0.005581111769967183,5.7072496703378465e-05,1.0000000000000007
bad_cavity,23.458333333333332,0.005555330089059237,5.680885808415446e-05,1.0000000000000007
bad_cavity,23.479166666666664,0.005529667505339014,5.654643110004469e-05,1.0000000000000007
bad_cavity,23.5,0.00550412346867127,5.628521294791972e-05,1.0000000000000007
bad_cavity,23.520833333333332,0.0054786974314718585,5.6025201791392745e-05,1.0000000000000009
bad_cavity,23.541666666666664,0.005453388848672056,5.576639442399479e-05,1.0000000000000009
bad_cavity,23.5625,0.005428197177714263,5.550878698908233e-05,1.0000000000000007
bad_cavity,23.583333333333332,0.005403121878365527,5.5252357881464195e-05,1.0000000000000007
bad_cavity,23.604166666666664,0.005378162413254116,5.4997121352315765e-05,1.0000000000000007
bad_cavity,23.625,0.005353318247320013,5.474307489960842e-05,1.0000000000000007
bad_cavity,23.645833333333332,0.005328588847737536,5.449019282149317e-05,1.0000000000000009
bad_cavity,23.666666666666664,0.005303973684518986,5.423848636494e-05,1.0000000000000009
bad_cavity,23.6875,0.005279472229828439,5.398793773320392e-05,1.000000000000001
bad_cavity,23.708333333333332,0.00525508395836229,5.3738538403054026e-05,1.000000000000001
bad_cavity,23.729166666666664,0.005230808347391711,5.3490294380546616e-05,1.000000000000001
bad_cavity,23.75,0.005206644876327866,5.324318477853809e-05,1.000000000000001
bad_cavity,23.770833333333332,0.005182593027437846,5.299723291691057e-05,1.000000000000001
bad_cavity,23.791666666666664,0.005158652284889964,5.275241405112762e-05,1.000000000000001
bad_cavity,23.8125,0.005134822135583491,5.2508737591775844e-05,1.0000000000000009
bad_cavity,23.833333333333332,0.005111102068377095,5.226617272708589e-05,1.0000000000000009
bad_cavity,23.854166666666664,0.005087491574937715,5.202473250922967e-05,1.0000000000000007
bad_cavity,23.875,0.005063990149079173,5.178441024129592e-05,1.0000000000000007
bad_cavity,23.895833333333332,0.005040597286853398,5.1545189457923744e-05,1.0000000000000004
bad_cavity,23.916666666666664,0.0050173124868504206,5.13070743199718e-05,1.0000000000000004
bad_cavity,23.9375,0.004994135249888783,5.1070060390512134e-05,1.0000000000000004
bad_cavity,23.958333333333332,0.004971065079056068,5.083413964311142e-05,1.0000000000000004
bad_cavity,23.979166666666664,0.004948101479845096,5.059931482427758e-05,1.0000000000000004
bad_cavity,24.0,0.00492524395992768,5.036557836449398e-05,1.0000000000000004
bad_cavity,24.020833333333332,0.004902492029232476,5.013292102258049e-05,1.0000000000000002
bad_cavity,24.041666666666664,0.004879845199977405,4.990133608522567e-05,1.0000000000000004
bad_cavity,24.0625,0.0048573029866288645,4.9670816399627145e-05,1.0000000000000002
bad_cavity,24.083333333333332,0.004834864906086401,4.944137344977494e-05,1.0000000000000004
bad_cavity,24.104166666666664,0.0048125304771097855,4.921298234514254e-05,1.0000000000000004
bad_cavity,24.125,0.004790299220851615,4.898563491046676e-05,1.0000000000000007
bad_cavity,24.145833333333332,0.004768170660921637,4.8759346979349114e-05,1.0000000000000007
bad_cavity,24.166666666666664,0.004746144322751084,4.8534097233909766e-05,1.0000000000000004
bad_cavity,24.1875,0.004724219734253993,4.830989286783189e-05,1.0000000000000004
bad_cavity,24.208333333333332,0.004702396425435805,4.808673230102959e-05,1.0000000000000004
bad_cavity,24.229166666666664,0.004680673928323431,4.78645993272567e-05,1.0000000000000002
bad_cavity,24.25,0.004659051777380062,4.764350465891862e-05,1.0000000000000004
bad_cavity,24.270833333333332,0.00463752950877218,4.7423415222859124e-05,1.0000000000000002
bad_cavity,24.291666666666664,0.004616106661296029,4.720434573327602e-05,1.0000000000000004
bad_cavity,24.3125,0.00459478277567078,4.698629053727801e-05,1.0000000000000002
bad_cavity,24.333333333333332,0.004573557394637051,4.676923421080849e-05,1.0000000000000004
bad_cavity,24.354166666666664,0.0045524300632734625,4.655318347414851e-05,1.0000000000000002
bad_cavity,24.375,0.0045314003286061515,4.633812996025514e-05,1.0000000000000002
bad_cavity,24.395833333333332,0.0045104677397752955,4.6124067446691706e-05,1.0000000000000002
bad_cavity,24.416666666666664,0.004489631848115675,4.5911000681345484e-05,1.0000000000000002
bad_cavity,24.4375,0.004468892206895162,4.569892074906849e-05,1.0000000000000002
bad_cavity,24.458333333333332,0.0044482483714856575,4.548782272220782e-05,0.9999999999999999
bad_cavity,24.479166666666664,0.004427699899242171,4.5277694770879934e-05,1.0000000000000002
bad_cavity,24.5,0.0044072463496587925,4.506853434140008e-05,1.0
bad_cavity,24.520833333333332,0.004386887284380653,4.4860350249199246e-05,0.9999999999999999
bad_cavity,24.541666666666664,0.004366622266759148,4.465312010456204e-05,0.9999999999999999
bad_cavity,24.5625,0.004346450862336912,4.444683865217097e-05,0.9999999999999998
bad_cavity,24.583333333333332,0.004326372638849027,4.424151879958729e-05,0.9999999999999998
bad_cavity,24.604166666666664,0.004306387165661959,4.4037137659184736e-05,1.0
bad_cavity,24.625,0.004286494014475811,4.383370612209491e-05,1.0
bad_cavity,24.645833333333332,0.004266692758840031,4.36312223974304e-05,1.0000000000000002
bad_cavity,24.666666666666664,0.004246982974136236,4.3429671228122184e-05,1.0000000000000002
bad_cavity,24.6875,0.004227364237990513,4.322906509874403e-05,1.0000000000000002
bad_cavity,24.708333333333332,0.004207836129487596,4.302936827488841e-05,1.0000000000000004
bad_cavity,24.729166666666664,0.004188398230182425,4.2830596606251355e-05,1.0000000000000004
bad_cavity,24.75,0.0041690501233440464,4.2632744466091897e-05,1.0
bad_cavity,24.770833333333332,0.00414979139408604,4.2435798376006855e-05,1.0
bad_cavity,24.791666666666664,0.004130621629671406,4.2239767694221866e-05,1.0
bad_cavity,24.8125,0.004111540419045768,4.204463983077928e-05,1.0
bad_cavity,24.833333333333332,0.0040925473531406385,4.185041076501602e-05,1.0000000000000002
bad_cavity,24.854166666666664,0.0040736420248692,4.165708549207287e-05,1.0000000000000002
bad_cavity,24.875,0.0040548240288839224,4.146465517320756e-05,1.0000000000000004
bad_cavity,24.895833333333332,0.00403609296178701,4.127311856388554e-05,1.0000000000000004
bad_cavity,24.916666666666664,0.0040174484218970736,4.1082460044040166e-05,1.0000000000000007
bad_cavity,24.9375,0.0039988900095537655,4.0892680249730176e-05,1.0000000000000004
bad_cavity,24.958333333333332,0.0039804173268858265,4.0703774226637804e-05,1.0000000000000004
bad_cavity,24.979166666666664,0.0039620299779426875,4.051574513594899e-05,1.0000000000000007
bad_cavity,25.0,0.003943727568515837,4.032858761476521e-05,1.0000000000000009
